,Prediction
0,9.216961151
1,9.231522963
2,9.235742383
3,9.274688216
4,9.226712374
5,9.378858271
6,9.269877627
7,9.072182366
8,9.236203506
9,9.279729366
10,9.177544103
11,9.264134701
12,9.254984738
13,9.254984738
14,9.241244656
15,9.279498804
16,9.192908207
17,9.269416505
19,9.307429999
20,9.217191712
21,8.68802695
22,9.217191712
23,9.317051177
24,9.34518415
25,9.216028813
26,9.354805327
27,9.34518415
28,9.302619411
29,9.240552972
31,9.317051177
32,9.250865833
33,9.340373561
34,9.130500599
35,9.207339973
36,8.947107059
37,9.197949357
38,9.24114414
39,9.269416505
40,9.274227093
41,9.255676422
42,9.130601114
43,9.265067038
44,8.870598761
45,9.349994739
46,9.245824683
47,9.326672354
48,9.226121206
49,9.260256449
50,9.129909431
51,9.240552972
52,9.159364132
53,9.21168944
54,9.231522963
55,9.359615916
56,9.111128198
57,9.254984738
58,9.248972375
59,9.212381123
60,9.212280608
61,9.279037682
62,9.254984738
63,9.34518415
64,9.207470019
65,9.301888851
66,9.231392917
67,9.231522963
68,9.279037682
69,9.311510029
70,9.248972375
71,9.221901785
72,9.173795898
73,9.340373561
74,9.149742954
75,9.188227664
76,9.248972375
77,9.082495227
78,9.200866488
79,9.260487011
80,9.307429999
81,9.222002301
82,9.274227093
83,9.364426505
84,9.210487665
85,9.206878851
86,9.135411703
87,9.217091197
88,9.178707002
89,9.369237094
90,9.164044675
91,9.087305816
92,9.260487011
93,9.292998233
94,9.236333552
95,9.279498804
96,9.378858271
97,8.995804114
98,9.274227093
99,9.307429999
100,9.221771739
101,9.259795327
102,9.250635272
103,9.173665852
104,9.231623478
105,9.221901785
106,9.301888851
107,9.210487665
108,9.321131206
109,9.302619411
110,9.378858271
111,9.297808822
112,9.159364132
113,9.111258244
114,9.274227093
115,9.086614132
116,9.215298254
117,9.279729366
118,9.274918777
120,9.217091197
121,9.292998233
122,9.378858271
123,9.205677076
124,9.254984738
125,9.265067038
126,9.302619411
127,9.043910002
128,9.178606487
129,9.220839402
130,9.226582328
131,9.359615916
132,9.197257673
133,9.206407636
134,9.292998233
135,9.331482943
137,9.087205301
138,9.206878851
139,9.264134701
140,9.231522963
142,9.236333552
143,9.226712374
144,9.159234086
145,9.172733515
146,9.178015318
147,9.236333552
148,9.274688216
149,9.106447656
150,9.278566467
151,9.274688216
153,9.250865833
154,9.236203506
155,9.183287029
156,9.241244656
157,9.273025319
158,9.34518415
159,9.187636496
160,9.236434067
161,9.265067038
162,9.046927648
163,9.236203506
164,9.202529384
165,9.374047682
166,9.369237094
167,9.163583552
168,9.259795327
169,9.086142917
170,9.241244656
171,8.904503443
172,9.231522963
173,9.16417472
174,9.241014094
175,9.240552972
176,9.178606487
177,9.240552972
178,9.231522963
179,9.236203506
180,9.205677076
181,9.183287029
184,9.326672354
185,9.207570534
186,9.254513523
187,9.249702935
188,9.260256449
189,9.135181142
190,9.193038253
191,9.302619411
192,9.144341197
193,9.197949357
194,9.16547701
195,8.817221163
196,9.297808822
197,9.279729366
198,9.231522963
199,9.279498804
200,9.221310617
201,9.254984738
202,9.264605916
203,9.259795327
204,9.230931795
205,9.265067038
206,9.246055244
207,9.178707002
208,9.354805327
209,9.19197587
210,9.145032881
211,9.216028813
212,9.255445861
213,9.273755878
214,9.135311188
215,9.024076479
216,9.331482943
217,9.236333552
218,9.326672354
219,9.207470019
220,9.283377056
221,9.307429999
222,9.254984738
223,9.260487011
224,9.13472002
225,9.100574683
226,9.260487011
228,9.221771739
229,9.193138768
230,9.292998233
231,9.20265943
232,9.354805327
233,9.321131206
234,9.173665852
235,9.246055244
236,9.369237094
237,9.197257673
238,9.288187644
239,9.221310617
240,9.265067038
241,9.250865833
242,9.183517591
243,9.183287029
244,9.178606487
245,9.246055244
246,9.183517591
247,9.301888851
248,9.193138768
249,9.193038253
250,9.138328834
251,9.26894529
252,9.235271168
253,9.321861766
254,9.139530608
255,9.274227093
256,9.183417075
257,9.236333552
258,9.279498804
259,9.01926589
260,9.192447085
261,9.164044675
262,9.250865833
263,9.240552972
264,9.015046469
265,9.274227093
266,9.302619411
267,9.10631761
268,9.250865833
269,9.279037682
271,9.24114414
272,9.20265943
273,9.241014094
274,9.197257673
275,9.217091197
276,9.349994739
277,9.270108188
278,9.241014094
279,9.217191712
280,9.129909431
281,9.183417075
282,9.331482943
283,8.873746453
284,9.159364132
285,9.297078263
286,9.135311188
287,9.153962375
288,9.378858271
289,9.236434067
290,9.269416505
291,9.225649991
292,9.24114414
293,9.129438216
294,9.241014094
295,9.236333552
296,9.317051177
297,9.212381123
298,9.288187644
299,9.216500028
300,9.326672354
301,9.274688216
302,9.115938787
303,9.270108188
304,9.274227093
305,9.302619411
306,9.283377056
307,9.197257673
308,9.302619411
309,9.302619411
310,9.202068262
311,9.335562973
312,9.364426505
313,9.288187644
314,9.193138768
315,9.101637067
316,9.260487011
317,9.231522963
318,9.269416505
319,9.274688216
320,9.34518415
321,9.207570534
322,9.188328179
323,9.221310617
324,9.207470019
325,9.168985309
326,9.21168944
327,9.024537601
328,9.364426505
329,9.265297599
330,9.302619411
331,9.302619411
332,9.182825907
333,9.359615916
334,9.279037682
335,9.255445861
336,9.135181142
337,9.115938787
338,9.197949357
339,9.105856487
340,9.010235881
341,9.302619411
342,9.20265943
343,9.250865833
344,9.120979937
345,9.259795327
346,9.325941795
347,9.255445861
348,9.301888851
349,9.274227093
350,9.226812889
351,9.173896413
352,9.269877627
353,9.125690011
354,9.135411703
355,9.115477665
356,9.192447085
357,9.326672354
358,9.197718796
359,9.349994739
360,9.236333552
362,9.265067038
363,9.173795898
364,9.207470019
365,9.178476441
366,8.870137639
367,9.235742383
368,9.178606487
369,9.207570534
370,9.221771739
371,9.197949357
372,8.938177565
373,9.283377056
374,9.354805327
375,9.278566467
376,9.279498804
377,9.279729366
378,9.202759946
379,9.260487011
380,9.129909431
381,9.369237094
382,9.221901785
383,9.273755878
384,9.217091197
386,9.159464647
387,9.265297599
388,9.197848842
389,9.183517591
390,9.226712374
391,9.014916423
392,9.154553543
393,9.254984738
394,9.207470019
395,9.100574683
396,9.139991731
397,8.952508816
398,9.260256449
399,9.364426505
400,9.188227664
401,9.378858271
402,9.188227664
403,9.273755878
404,9.160666421
405,9.125690011
406,9.349994739
407,9.302619411
408,9.221901785
409,9.212150562
410,9.217091197
411,9.270108188
412,9.279729366
413,9.259795327
414,9.20265943
415,9.321861766
416,9.207339973
417,9.354805327
418,9.279729366
419,9.235271168
420,9.168985309
421,9.178476441
422,9.217191712
423,9.279729366
424,9.259324112
425,9.206878851
426,9.23046058
427,9.354805327
428,9.197949357
429,9.20265943
430,9.292267674
431,9.163583552
432,9.231623478
433,9.193138768
434,9.254984738
435,9.187636496
436,9.221901785
437,9.260487011
438,9.274227093
439,9.287457085
440,9.236203506
441,9.087075255
442,9.16417472
443,9.274688216
444,9.182354692
445,9.265297599
446,9.274688216
447,9.22973002
448,9.326672354
449,9.154654058
450,9.302619411
451,9.062089973
452,9.236434067
453,9.030780525
454,9.163583552
455,9.197257673
456,9.226712374
457,9.270108188
458,9.226712374
459,9.25017415
460,9.216028813
461,9.226812889
462,9.274918777
463,9.325941795
464,9.206878851
465,9.072874049
466,9.273755878
468,9.326672354
469,9.326672354
470,9.212150562
471,9.279498804
472,9.340373561
473,9.226121206
474,9.235742383
475,9.221901785
477,9.331482943
479,9.149151786
480,9.349994739
481,9.302619411
482,9.212280608
483,9.226812889
484,9.216500028
485,9.236333552
486,9.292998233
487,9.236434067
488,9.173896413
489,9.182354692
490,9.311510029
491,9.217091197
492,9.378858271
493,9.240081757
494,9.259795327
495,9.216500028
496,9.173795898
497,9.221901785
498,9.241244656
499,9.145032881
500,9.178606487
501,8.945905284
502,9.23046058
503,9.193038253
504,9.222002301
505,9.274918777
506,9.335562973
507,9.231522963
508,9.364426505
509,9.279729366
510,8.932204077
511,9.045212292
512,9.226812889
513,9.374047682
514,9.258593553
515,9.23046058
516,9.274918777
517,9.325941795
518,9.177544103
519,9.090953506
520,9.307429999
521,9.24114414
522,9.20265943
523,9.200866488
524,9.279498804
525,9.221771739
526,9.125690011
527,9.101637067
528,9.207339973
529,9.265067038
530,9.283377056
531,9.149843469
532,9.359615916
533,9.14480232
535,8.923745798
536,9.250865833
537,9.260487011
538,9.231392917
539,9.149843469
540,9.236434067
541,9.34518415
542,9.364426505
543,9.269416505
544,9.335562973
545,9.307429999
546,9.297808822
547,9.183417075
548,9.30669944
549,9.279037682
550,9.279037682
551,9.21168944
552,9.25017415
553,9.040401703
554,9.140222292
555,9.326672354
556,9.222002301
557,9.254984738
558,9.374047682
559,9.221771739
560,9.236333552
561,9.254984738
562,9.274227093
563,9.374047682
564,9.253782964
565,9.231623478
566,9.326672354
568,9.264605916
569,9.253782964
570,9.151045244
571,9.159234086
572,9.265297599
573,9.241244656
574,9.16417472
575,9.202068262
576,9.312240588
577,9.158772963
578,9.058211722
579,9.193038253
580,9.34518415
581,9.222002301
582,9.207339973
583,9.154654058
585,9.207470019
586,9.159364132
587,9.240081757
588,9.269416505
589,9.297808822
590,9.221310617
591,9.325941795
592,9.154423497
593,9.240552972
594,9.236203506
595,9.312240588
596,9.260487011
597,9.317051177
598,9.317051177
599,9.369237094
600,9.096826478
601,9.26894529
602,9.326672354
603,9.274918777
604,9.274918777
605,9.260256449
606,9.11500645
607,9.168985309
608,9.255445861
609,9.080601769
610,9.325941795
611,9.326672354
612,9.273755878
613,9.260487011
614,9.163583552
615,9.26894529
616,9.255676422
617,9.279729366
618,9.090953506
619,9.317051177
620,9.139530608
621,9.265297599
622,9.231623478
623,9.311510029
624,9.260256449
625,9.273755878
626,9.231522963
627,9.240081757
628,9.325941795
629,9.154553543
630,9.297808822
632,9.23046058
633,9.183287029
634,9.24114414
635,9.317051177
636,9.231522963
637,9.039099413
638,9.197848842
639,9.25017415
640,9.072773534
641,9.178015318
642,9.340373561
643,9.331482943
644,9.374047682
645,9.217191712
646,9.173795898
647,9.058442283
648,9.269877627
649,9.274227093
650,9.168985309
651,9.226812889
652,9.279037682
653,9.17320473
654,9.269416505
655,9.255676422
656,9.288187644
657,9.187165281
658,9.264134701
659,9.197257673
660,9.236333552
661,9.330752384
662,9.16417472
663,9.054833469
664,9.196055899
665,9.249702935
666,9.282646496
667,9.236333552
668,9.188097618
669,9.279729366
670,9.250635272
671,9.321131206
672,9.091424721
673,9.378858271
674,9.226712374
675,9.125098842
676,9.236203506
677,9.144341197
678,9.335562973
679,9.120749376
680,9.349994739
681,9.26894529
682,9.274688216
683,9.014455301
684,9.168394141
685,9.244892346
686,9.231522963
687,9.287457085
688,9.297808822
689,9.269416505
690,9.20265943
691,9.273755878
692,9.265297599
693,9.22973002
694,9.000023535
695,9.340373561
696,9.24114414
697,9.217091197
698,9.269416505
699,9.248972375
701,9.116068833
702,9.274918777
703,9.043779956
704,9.378858271
705,9.265067038
706,9.302619411
707,9.193038253
708,9.260256449
709,9.255676422
710,9.269416505
711,9.312240588
712,9.221310617
713,9.312240588
714,9.101637067
715,9.317051177
717,9.20265943
718,9.231623478
719,9.24114414
720,9.164275236
721,9.182354692
722,9.221901785
723,9.265297599
724,9.149742954
725,9.188097618
726,9.207470019
727,9.279037682
728,9.212381123
729,9.260487011
730,9.182825907
731,9.279729366
732,9.349994739
733,9.279729366
734,9.274227093
735,9.226121206
736,9.207339973
737,9.216028813
738,8.673595184
739,9.187636496
740,9.16417472
741,9.20265943
742,9.273755878
743,9.279729366
744,9.231522963
745,9.221771739
746,9.206878851
747,9.288187644
748,9.188227664
749,9.260256449
750,8.990993526
751,9.217191712
752,9.197848842
753,9.197949357
754,9.188328179
755,9.25017415
756,9.279498804
757,9.047658207
758,9.044010517
759,9.249702935
760,9.292998233
761,9.202529384
762,9.168394141
763,9.217091197
764,9.158772963
765,9.23046058
766,9.197848842
767,9.235271168
768,9.264605916
769,9.283377056
770,8.98078118
771,9.019857058
772,9.173896413
773,9.288187644
774,9.326672354
775,9.206878851
776,9.255676422
777,9.196055899
778,9.269416505
779,9.200866488
781,9.260256449
782,9.10631761
783,9.120979937
784,9.188328179
785,9.331482943
786,9.274918777
787,9.216500028
788,9.374047682
789,9.188097618
791,9.311510029
792,9.231392917
793,9.25017415
794,9.192447085
795,9.187636496
796,9.226712374
797,9.326672354
798,9.187165281
799,9.221771739
800,9.139530608
801,9.193038253
802,9.270108188
803,9.279498804
804,9.279037682
805,9.26894529
806,9.245363561
807,9.279729366
808,9.283377056
809,9.274227093
810,9.023605264
811,9.0577506
812,9.23046058
813,9.34518415
814,9.217191712
815,9.288187644
816,9.216500028
817,9.246055244
818,9.369237094
819,9.236333552
820,9.269416505
821,9.30669944
822,9.354805327
823,9.245363561
824,9.236203506
825,9.316320618
826,8.966349414
827,9.212381123
829,9.274688216
830,8.683216361
831,9.221901785
832,9.301888851
833,9.231522963
834,9.265067038
835,9.159464647
836,9.312240588
837,9.149742954
838,9.25017415
839,9.226582328
840,9.335562973
841,9.226582328
842,9.192447085
843,9.274227093
844,9.178476441
845,9.116169348
846,9.217091197
847,9.250635272
848,9.253782964
850,9.269416505
851,9.245363561
852,9.250635272
853,9.354805327
854,9.302619411
855,9.245824683
856,9.253782964
857,9.164044675
858,9.307429999
859,9.301888851
860,9.258593553
861,9.274918777
862,9.197848842
863,9.330752384
864,9.197848842
865,9.264605916
866,9.307429999
867,9.125790526
868,9.236333552
869,9.264134701
870,9.197257673
871,9.135411703
872,9.326672354
873,9.178015318
874,9.302619411
875,9.302619411
876,9.169085824
877,9.274918777
878,9.273755878
879,9.297808822
880,9.207470019
881,9.09623531
882,9.196786458
883,9.236203506
884,9.197848842
885,9.263404141
886,9.369237094
887,9.264605916
888,9.125790526
889,9.096926993
890,9.20265943
891,9.226712374
892,9.139530608
893,9.207339973
894,9.245824683
895,8.870598761
896,9.279729366
897,9.048590545
898,9.369237094
899,9.236434067
900,9.187636496
901,9.159364132
902,9.264605916
903,9.369237094
904,8.813001742
905,9.144341197
906,9.188227664
907,9.311510029
908,9.235742383
909,9.217191712
910,9.24114414
911,9.197718796
912,9.226712374
913,9.25017415
914,9.154423497
915,8.875539396
916,9.321861766
917,9.24114414
918,9.226812889
919,9.21168944
920,9.245824683
921,9.24114414
922,9.139530608
923,9.274918777
925,9.258593553
926,9.077584123
927,9.274918777
928,9.325941795
929,9.212280608
930,9.283377056
931,9.067962946
932,9.212280608
933,9.354805327
934,9.221771739
935,9.221310617
936,9.104654713
937,9.287457085
938,9.216500028
939,9.173795898
940,9.226812889
941,9.20265943
942,9.274918777
943,9.220839402
944,9.241244656
945,9.217091197
946,9.125790526
947,9.221771739
948,9.125690011
949,9.274918777
950,9.212150562
951,9.250635272
952,9.245363561
953,9.331482943
954,9.241014094
955,9.212381123
956,9.354805327
957,9.211218225
958,9.23046058
959,9.063252872
960,9.125098842
961,9.236333552
962,9.25017415
963,9.140222292
964,9.265067038
965,9.245363561
966,9.264134701
967,9.212150562
968,9.283377056
969,9.170287599
970,9.326672354
971,9.245363561
972,9.236333552
973,9.265067038
974,9.302619411
975,9.260487011
976,9.226582328
977,9.288187644
978,9.131802889
979,9.274918777
980,9.164275236
981,9.216500028
982,9.253782964
983,9.302619411
984,9.297808822
985,9.236333552
986,9.274227093
988,9.216961151
989,9.067962946
990,9.24114414
991,9.282646496
992,9.335562973
994,9.169085824
995,9.378858271
996,9.168985309
997,9.230931795
998,9.264605916
999,9.301888851
1000,9.270108188
1002,9.217091197
1003,9.197257673
1004,8.86532705
1005,9.197257673
1006,9.01926589
1007,9.301888851
1008,9.254984738
1009,9.144341197
1010,9.260487011
1011,9.125559965
1012,9.193138768
1013,9.23046058
1014,9.288187644
1015,9.197718796
1016,9.250865833
1017,9.264134701
1018,9.364426505
1019,9.101045899
1020,9.230931795
1021,9.254984738
1022,9.110667076
1023,8.99955232
1024,9.250635272
1025,9.246055244
1026,9.120749376
1027,9.249702935
1029,9.244892346
1030,8.82262292
1031,9.359615916
1032,9.181624133
1033,9.269877627
1034,9.241244656
1035,9.24114414
1036,9.24114414
1037,9.279498804
1038,9.312240588
1039,9.311510029
1040,9.197848842
1041,9.274227093
1042,9.236203506
1043,9.30669944
1044,9.231522963
1045,9.111258244
1046,9.34518415
1047,9.240552972
1048,9.16417472
1049,9.331482943
1050,9.369237094
1051,9.317051177
1052,9.302619411
1053,9.312240588
1054,9.269877627
1055,9.369237094
1056,9.179908776
1057,9.369237094
1058,9.287457085
1059,9.226712374
1060,9.21168944
1061,9.153962375
1062,9.240081757
1063,9.226812889
1064,9.292998233
1065,9.255676422
1066,9.265297599
1067,9.24114414
1068,9.16417472
1069,9.217091197
1070,9.186434721
1071,9.024537601
1072,9.260256449
1073,9.183417075
1074,9.241244656
1075,9.278566467
1076,9.330752384
1077,9.312240588
1078,9.163583552
1079,9.255445861
1080,9.279498804
1081,9.225649991
1082,9.330752384
1083,9.192908207
1084,9.135311188
1085,9.015046469
1086,9.207470019
1087,9.239351198
1088,9.259324112
1089,9.364426505
1090,9.265067038
1091,9.302619411
1092,9.312240588
1093,9.279729366
1094,9.193038253
1095,9.260256449
1096,9.255445861
1097,8.870829322
1098,9.173896413
1099,9.183417075
1100,9.226812889
1101,9.259795327
1102,9.245363561
1103,9.292998233
1104,9.374047682
1105,9.245824683
1106,9.307429999
1107,9.321861766
1108,9.326672354
1109,9.26821473
1110,9.292998233
1111,9.255445861
1113,9.192908207
1114,9.215298254
1115,9.241244656
1116,9.354805327
1117,9.279729366
1118,9.364426505
1120,9.24114414
1121,9.192447085
1122,9.211218225
1123,9.139059393
1124,9.241244656
1125,9.302619411
1126,9.302619411
1127,9.202068262
1128,9.301888851
1129,9.216500028
1130,9.183417075
1131,9.101637067
1132,9.279037682
1133,9.321861766
1134,8.949000517
1135,9.231392917
1136,9.354805327
1137,9.236333552
1138,9.178606487
1139,9.253782964
1140,9.254984738
1141,9.259324112
1142,9.26894529
1143,9.169085824
1144,9.20265943
1145,9.269416505
1146,9.212280608
1147,9.279037682
1148,9.236333552
1149,9.245363561
1151,9.116169348
1152,9.236333552
1153,9.24114414
1154,9.260487011
1155,9.168855263
1156,9.211218225
1157,9.221310617
1158,9.230931795
1159,9.259795327
1160,9.173795898
1161,9.273755878
1162,9.302619411
1163,9.173665852
1164,9.326672354
1165,9.212381123
1166,9.259795327
1167,9.245824683
1168,8.522573475
1169,9.202529384
1170,9.264605916
1171,9.236434067
1172,9.235271168
1173,9.221901785
1174,9.335562973
1175,9.316320618
1176,9.226712374
1177,9.226582328
1178,9.250635272
1179,9.20265943
1180,9.378858271
1181,9.369237094
1182,9.359615916
1183,9.274227093
1184,9.197257673
1185,9.187165281
1186,9.217091197
1187,9.101737582
1188,9.277835908
1189,9.274918777
1190,9.212150562
1191,9.221310617
1192,9.316320618
1193,9.311510029
1194,9.255676422
1195,9.231522963
1196,9.24114414
1197,9.264605916
1198,9.245824683
1199,9.173795898
1200,9.254984738
1201,9.292998233
1202,9.255445861
1203,8.927864704
1204,9.221901785
1205,9.307429999
1206,9.321861766
1207,9.279729366
1208,9.241014094
1209,9.217191712
1210,9.192447085
1211,9.292267674
1212,8.249571691
1213,9.274227093
1214,9.234540609
1215,9.274918777
1216,9.263404141
1217,9.167192366
1218,9.168985309
1219,8.758292323
1220,9.317051177
1221,9.321861766
1222,9.100574683
1223,9.354805327
1224,9.259795327
1225,9.274688216
1226,8.813001742
1227,9.092015889
1228,9.235742383
1229,9.178606487
1230,9.307429999
1231,9.183417075
1232,9.027685293
1233,9.226712374
1234,9.17320473
1235,9.335562973
1236,9.265067038
1237,9.210487665
1238,9.188227664
1239,9.207339973
1240,9.154553543
1241,9.14480232
1242,9.354805327
1243,9.222002301
1244,9.207470019
1245,9.359615916
1246,9.269416505
1247,9.241014094
1248,9.279498804
1249,9.212280608
1250,9.292998233
1251,9.250635272
1252,9.270108188
1253,9.159364132
1254,9.236434067
1255,9.279729366
1256,9.278566467
1257,9.197848842
1258,9.274227093
1259,9.374047682
1260,9.212381123
1261,9.30669944
1262,9.282646496
1263,8.995674068
1264,9.010336396
1265,9.235742383
1266,9.221901785
1267,9.168985309
1268,9.321861766
1269,9.043910002
1270,9.221771739
1271,9.264605916
1272,9.072182366
1273,9.23046058
1274,9.069265235
1275,9.244892346
1277,9.259795327
1278,9.265067038
1279,9.111128198
1280,9.202759946
1281,9.34518415
1282,9.20265943
1283,9.326672354
1284,9.149843469
1286,9.25017415
1287,9.254984738
1288,9.274918777
1289,9.274688216
1290,9.10631761
1291,9.274918777
1292,9.211218225
1293,9.106447656
1294,9.197718796
1295,9.130500599
1296,9.245363561
1297,9.202068262
1298,9.321861766
1299,9.027685293
1300,9.155855833
1301,9.217091197
1302,8.990993526
1303,9.221771739
1305,9.278566467
1306,9.255445861
1307,9.153962375
1308,9.264605916
1309,9.221310617
1310,9.207470019
1311,9.164044675
1312,8.870829322
1313,9.202759946
1314,9.241014094
1315,9.101737582
1316,9.263404141
1317,9.331482943
1318,9.258593553
1319,9.221901785
1320,9.302619411
1321,9.197848842
1322,9.216028813
1323,9.325941795
1324,9.279729366
1325,9.274227093
1326,9.236333552
1327,9.274918777
1328,9.192908207
1329,9.279729366
1330,9.265297599
1331,9.226712374
1332,9.325941795
1333,9.270108188
1334,8.485982223
1335,9.23046058
1336,9.374047682
1337,9.034158778
1338,9.274227093
1339,9.354805327
1340,9.20265943
1341,9.240081757
1343,9.231392917
1344,9.043779956
1345,9.236333552
1346,9.255445861
1347,9.101637067
1348,9.265297599
1349,9.330752384
1350,9.144932366
1351,9.221901785
1352,9.163112337
1353,9.274688216
1354,9.254513523
1355,9.307429999
1356,9.168985309
1357,9.236333552
1358,9.226712374
1359,9.187165281
1360,9.24114414
1361,9.374047682
1362,9.359615916
1363,9.217091197
1364,9.34518415
1365,8.624797613
1366,9.140121777
1367,9.106548171
1368,9.246055244
1369,9.000614703
1370,9.140121777
1371,9.21168944
1372,9.374047682
1373,9.207339973
1374,9.125098842
1375,9.236333552
1376,9.264605916
1377,9.241014094
1378,9.230931795
1379,9.325941795
1380,9.163583552
1381,9.230931795
1382,9.259795327
1383,9.197949357
1384,9.369237094
1385,9.141424066
1386,9.164044675
1387,9.260256449
1388,9.226712374
1389,9.134248805
1390,9.164044675
1391,9.154423497
1392,9.130601114
1393,9.236203506
1394,9.212381123
1395,9.101637067
1396,9.317051177
1397,9.212150562
1398,9.278566467
1399,9.135311188
1400,9.16417472
1401,9.163583552
1402,9.178015318
1403,9.182825907
1405,9.269877627
1406,9.269877627
1407,9.288187644
1408,9.240552972
1409,9.250865833
1410,9.197848842
1411,9.245824683
1412,9.154654058
1413,9.254513523
1414,9.159464647
1415,9.154423497
1416,9.369237094
1417,9.279498804
1418,9.20265943
1419,9.279729366
1420,9.359615916
1421,9.149843469
1422,9.378858271
1423,9.274227093
1424,9.197257673
1425,9.192908207
1426,9.273755878
1427,9.274688216
1428,9.188227664
1430,9.269877627
1431,9.245824683
1432,9.221310617
1433,9.364426505
1434,9.0678329
1435,9.265297599
1436,9.125690011
1437,9.140121777
1438,8.625388781
1439,9.159364132
1440,9.250865833
1441,9.231522963
1442,9.364426505
1443,9.364426505
1444,9.225649991
1445,9.274227093
1446,9.312240588
1447,9.048720591
1448,9.217091197
1449,9.149742954
1450,9.197949357
1451,9.159234086
1452,9.307429999
1453,9.279729366
1454,9.274688216
1455,9.101637067
1457,9.278566467
1458,8.493709942
1459,9.236333552
1460,9.330752384
1461,9.212381123
1462,9.226121206
1463,9.027685293
1465,9.212280608
1467,9.264605916
1468,9.235742383
1469,9.202529384
1470,9.330752384
1471,9.109465302
1472,9.087205301
1473,9.173896413
1474,8.856397556
1475,9.206407636
1476,9.206878851
1477,9.264605916
1478,9.321861766
1479,9.116068833
1480,9.143139423
1481,9.183417075
1483,9.279037682
1484,9.255676422
1485,9.231522963
1486,9.369237094
1487,9.274918777
1488,9.25017415
1489,9.202068262
1490,9.307429999
1491,9.216500028
1492,9.330752384
1493,9.312240588
1494,9.24114414
1495,9.159364132
1496,9.274688216
1497,9.335562973
1498,9.297078263
1499,9.274227093
1500,9.120879422
1501,9.269416505
1502,9.274688216
1503,9.279729366
1504,8.899692855
1505,9.236333552
1506,9.231392917
1507,9.202759946
1508,9.16417472
1509,9.226712374
1510,9.311510029
1511,9.217191712
1512,9.236333552
1513,9.369237094
1514,8.981472863
1515,9.245824683
1516,9.196786458
1517,9.245824683
1518,9.24114414
1519,9.245363561
1520,9.265297599
1521,9.254984738
1522,9.096696432
1523,9.130500599
1524,9.30669944
1525,9.193138768
1526,9.188328179
1527,9.20265943
1528,9.217091197
1529,9.187165281
1530,9.264134701
1531,9.249702935
1532,9.265297599
1533,9.269877627
1534,9.16417472
1535,9.274688216
1536,9.349994739
1537,9.217091197
1538,9.312240588
1540,9.16417472
1541,9.19197587
1542,9.231522963
1543,9.235742383
1544,9.212280608
1545,9.216028813
1546,9.279037682
1547,9.216500028
1548,9.274688216
1549,9.307429999
1550,9.173665852
1551,9.364426505
1553,9.125690011
1554,9.212280608
1555,9.230931795
1556,9.307429999
1557,9.231522963
1558,9.302619411
1559,9.168394141
1560,9.364426505
1561,9.212381123
1562,9.015046469
1563,9.221310617
1564,9.250865833
1566,9.325941795
1567,8.639690501
1568,9.307429999
1570,9.15349116
1572,9.178606487
1573,9.374047682
1574,9.111258244
1575,9.216961151
1576,9.216500028
1577,9.236434067
1578,9.240552972
1579,9.230931795
1580,9.25017415
1581,9.221901785
1582,9.378858271
1583,9.173795898
1584,9.216961151
1585,9.13472002
1586,9.279498804
1587,9.034288824
1588,9.274918777
1589,9.10631761
1590,9.258593553
1591,9.226712374
1592,9.217091197
1593,9.101507021
1594,9.149742954
1595,9.221310617
1596,9.260256449
1597,9.178606487
1598,9.116068833
1599,9.26894529
1600,9.226712374
1601,9.206878851
1602,9.21168944
1603,9.241014094
1604,9.250635272
1605,9.274227093
1606,9.265067038
1607,9.196786458
1608,9.212381123
1609,9.274227093
1610,9.317051177
1611,9.158772963
1615,9.269416505
1616,9.120879422
1617,9.212381123
1618,9.264134701
1619,8.969958228
1620,9.326672354
1621,9.30669944
1622,9.264605916
1623,9.226712374
1624,9.292998233
1625,9.217091197
1626,9.245824683
1627,9.182825907
1628,9.241244656
1629,9.096826478
1630,9.349994739
1631,9.279037682
1632,9.182354692
1633,9.116169348
1634,9.340373561
1635,9.116068833
1636,8.985591769
1637,9.265067038
1638,9.149151786
1639,9.359615916
1640,9.217091197
1641,9.260487011
1642,9.125690011
1643,9.274918777
1644,9.321131206
1645,9.374047682
1646,9.038969367
1647,9.067962946
1648,9.212280608
1649,9.216961151
1650,9.316320618
1651,9.260256449
1652,9.20265943
1653,9.183417075
1654,9.201597047
1655,9.269416505
1656,9.176813544
1657,9.231623478
1658,9.125690011
1660,9.279729366
1661,9.254984738
1662,9.178606487
1663,9.154654058
1664,9.081803544
1665,9.241244656
1666,9.279498804
1667,9.260487011
1668,9.144932366
1669,9.173795898
1670,9.182825907
1671,9.062561189
1672,9.188328179
1673,9.236333552
1674,9.225649991
1675,9.226121206
1676,9.270108188
1677,9.231522963
1678,9.282646496
1679,9.24114414
1680,9.359615916
1681,9.135311188
1682,9.087075255
1683,9.283377056
1684,9.240081757
1685,9.149742954
1686,9.279037682
1687,9.274688216
1688,9.197257673
1689,9.270108188
1690,9.340373561
1691,9.206878851
1692,9.082495227
1693,9.273755878
1694,9.158301748
1695,9.374047682
1696,9.236333552
1697,9.144932366
1698,9.349994739
1699,9.321131206
1700,9.159464647
1701,9.178015318
1702,9.17320473
1703,9.231392917
1704,9.326672354
1705,9.330752384
1706,9.193038253
1707,9.236333552
1708,9.239351198
1709,9.250865833
1710,9.265297599
1711,9.015046469
1712,9.255445861
1713,9.311510029
1714,9.273755878
1715,9.163583552
1716,9.226812889
1717,9.24114414
1718,9.235742383
1719,9.207570534
1720,9.273025319
1721,9.159464647
1722,9.168985309
1723,9.183517591
1724,9.116169348
1725,9.005425292
1726,9.224919431
1727,9.216961151
1728,9.163583552
1729,9.274918777
1730,9.217191712
1731,9.226712374
1732,9.349994739
1733,9.139530608
1734,9.226582328
1735,9.279729366
1736,9.207339973
1737,9.378858271
1738,9.029478236
1739,9.226812889
1740,9.140121777
1741,9.236434067
1742,9.217091197
1743,9.200866488
1744,9.225649991
1745,9.144932366
1746,9.326672354
1747,9.254513523
1748,9.288187644
1749,9.359615916
1751,9.086142917
1752,9.149612908
1753,9.230931795
1754,9.269877627
1755,9.369237094
1756,9.212381123
1757,9.222002301
1758,9.188227664
1759,9.240552972
1760,9.125098842
1761,9.241244656
1762,9.292267674
1763,9.25017415
1764,9.279729366
1765,9.255676422
1766,9.164044675
1767,9.316320618
1768,9.245363561
1769,9.241014094
1770,9.226121206
1771,9.235742383
1772,9.260256449
1773,9.217091197
1774,9.312240588
1775,9.216500028
1776,9.274688216
1777,9.255445861
1778,9.226121206
1779,9.028887067
1781,9.144932366
1782,9.250865833
1784,9.270108188
1785,9.236333552
1786,9.159364132
1787,9.326672354
1788,9.307429999
1789,9.101507021
1790,9.269416505
1791,9.202529384
1792,9.246055244
1793,9.145032881
1794,9.188328179
1795,9.221901785
1796,9.279037682
1797,9.193038253
1798,9.063152357
1799,9.311510029
1800,9.164275236
1801,9.149843469
1802,9.378858271
1803,9.207470019
1804,9.217191712
1805,9.236333552
1806,9.207470019
1807,9.364426505
1808,9.374047682
1809,9.250865833
1810,9.139991731
1811,9.164275236
1812,9.274688216
1813,9.250635272
1814,9.167192366
1815,9.278566467
1816,9.197848842
1817,9.048821106
1818,9.028887067
1819,9.226712374
1820,9.274918777
1821,9.263404141
1822,9.331482943
1823,9.216500028
1824,9.230931795
1825,9.168394141
1827,9.297078263
1828,9.241014094
1829,9.086614132
1830,9.188227664
1831,9.231623478
1832,9.226582328
1833,9.269416505
1834,9.335562973
1835,9.226812889
1836,9.226712374
1837,9.24114414
1838,9.231623478
1839,9.212150562
1840,9.279498804
1841,9.359615916
1842,9.216028813
1843,9.259324112
1844,8.942887638
1845,9.197848842
1846,9.260256449
1847,9.278566467
1848,9.359615916
1849,9.029478236
1850,9.292998233
1851,9.187636496
1852,9.244892346
1853,8.990993526
1854,9.221771739
1855,9.226121206
1856,9.19197587
1857,9.246055244
1858,9.302619411
1859,9.178015318
1860,9.279037682
1861,9.212280608
1862,9.364426505
1863,9.221901785
1864,9.369237094
1865,9.168855263
1866,9.193138768
1867,9.167922926
1868,9.197257673
1869,9.378858271
1870,9.216500028
1871,9.354805327
1872,9.206878851
1873,9.259795327
1875,9.226812889
1876,9.24114414
1877,9.202759946
1878,9.279498804
1879,9.212150562
1880,9.078886413
1882,9.279498804
1883,9.274688216
1884,9.270108188
1885,9.231522963
1886,9.226121206
1887,9.120979937
1888,9.072643488
1889,9.21168944
1890,9.207339973
1891,9.139530608
1892,9.359615916
1893,9.325941795
1894,9.120879422
1895,9.154423497
1896,9.374047682
1897,9.269416505
1898,9.120879422
1899,9.325941795
1900,9.159364132
1901,9.236203506
1902,9.149612908
1903,9.215298254
1904,9.163583552
1905,9.220839402
1906,9.287457085
1907,9.029578751
1908,9.260487011
1909,9.278566467
1910,9.374047682
1911,9.164275236
1912,9.236203506
1913,9.202068262
1914,9.236333552
1915,9.154654058
1916,9.292998233
1917,9.349994739
1918,9.058341768
1920,9.216961151
1921,9.154654058
1922,9.19197587
1923,9.312240588
1924,9.279037682
1925,9.220839402
1926,9.240552972
1927,9.168394141
1928,9.172733515
1929,9.087305816
1930,9.349994739
1931,9.169085824
1932,9.070980592
1933,9.340373561
1934,9.287457085
1935,9.120288254
1936,9.173795898
1937,8.610365847
1938,9.236333552
1939,9.091885843
1940,9.096696432
1941,9.265067038
1942,9.265067038
1943,8.967041097
1944,9.269416505
1945,9.278566467
1946,9.053531179
1947,9.212381123
1948,9.279729366
1949,9.120879422
1950,9.231392917
1951,9.274688216
1952,9.24114414
1953,9.22973002
1954,9.236333552
1955,9.159364132
1956,9.028415852
1957,9.226582328
1958,9.364426505
1959,9.188227664
1960,9.378858271
1961,9.159464647
1962,9.260256449
1963,9.325941795
1964,9.274227093
1965,9.19197587
1966,9.226121206
1967,9.279498804
1968,9.178606487
1969,9.221901785
1970,9.169085824
1971,9.216500028
1972,8.889971162
1973,9.316320618
1974,9.130500599
1975,9.292267674
1976,9.255676422
1977,9.245824683
1978,9.378858271
1979,9.274918777
1980,9.34518415
1981,9.260487011
1982,9.283377056
1983,8.72651166
1984,9.183517591
1985,9.159364132
1986,8.966940582
1987,9.287457085
1988,9.196055899
1989,9.159364132
1990,9.297078263
1991,9.292998233
1992,9.269877627
1993,9.236434067
1994,9.326672354
1995,9.279498804
1996,9.101737582
1997,9.053401133
1998,9.005295246
1999,9.163583552
2000,9.226121206
2001,9.16417472
2002,9.325941795
2003,9.274918777
2004,9.116068833
2005,9.217091197
2006,9.179908776
2007,9.249702935
2008,9.168985309
2009,9.144341197
2010,9.374047682
2011,9.331482943
2013,9.349994739
2014,9.183417075
2015,9.34518415
2016,9.279498804
2017,9.340373561
2018,9.168985309
2019,9.231623478
2020,8.706106406
2021,9.255445861
2022,9.164275236
2023,9.230931795
2024,9.16417472
2025,9.260487011
2026,8.864125276
2027,9.22973002
2028,9.254513523
2029,9.253782964
2030,9.292267674
2031,9.302619411
2032,9.207570534
2033,9.173896413
2034,9.307429999
2035,9.029478236
2036,9.24114414
2037,9.279729366
2038,9.349994739
2039,9.153962375
2040,9.254984738
2041,9.207570534
2042,9.311510029
2043,9.193138768
2044,9.163583552
2045,9.231392917
2046,9.374047682
2047,9.273755878
2048,9.274918777
2049,9.287457085
2050,9.279729366
2051,9.236203506
2052,9.236434067
2053,9.221901785
2054,9.231522963
2055,9.205677076
2056,9.312240588
2057,9.169085824
2058,9.197949357
2059,9.217091197
2060,9.19197587
2061,9.226712374
2062,9.264134701
2063,9.359615916
2064,9.255676422
2065,9.20265943
2066,9.25017415
2067,9.274918777
2068,9.145032881
2069,9.130500599
2070,9.269877627
2071,9.354805327
2072,9.340373561
2073,9.236203506
2074,9.21168944
2075,9.250865833
2076,9.246055244
2077,9.374047682
2078,9.048720591
2079,9.269416505
2080,9.235271168
2081,9.216961151
2082,9.225649991
2083,9.212150562
2084,9.287457085
2085,9.297808822
2086,9.226812889
2087,9.249702935
2088,9.274918777
2089,9.173795898
2090,9.255445861
2091,9.168855263
2092,9.226582328
2093,9.131802889
2094,9.043779956
2095,9.236434067
2096,9.22973002
2097,9.159234086
2098,9.169085824
2099,9.116068833
2100,9.279729366
2101,9.259795327
2102,9.063152357
2103,9.34518415
2105,9.297808822
2106,9.265067038
2107,9.129909431
2108,9.168855263
2109,9.274688216
2110,9.053531179
2111,9.154553543
2112,9.340373561
2113,9.264605916
2114,9.16417472
2115,9.188227664
2116,9.245824683
2117,9.221901785
2118,9.260487011
2119,9.140121777
2120,9.202529384
2121,9.287457085
2122,9.283377056
2123,9.364426505
2124,9.154553543
2125,9.222002301
2126,9.197949357
2127,9.212381123
2128,9.260487011
2129,9.182354692
2130,9.216028813
2131,9.250635272
2132,9.212280608
2133,8.900894629
2134,9.316320618
2135,9.188097618
2136,9.24114414
2137,9.274918777
2138,9.321861766
2139,9.226712374
2140,9.241014094
2141,9.172733515
2143,9.16547701
2144,9.115938787
2145,9.331482943
2146,9.099844124
2147,9.354805327
2148,9.259795327
2149,9.259795327
2150,9.230931795
2151,9.288187644
2153,9.330752384
2154,9.274918777
2155,9.231522963
2156,9.092015889
2157,9.246055244
2158,9.193038253
2160,9.297808822
2161,9.125690011
2162,9.221901785
2163,9.226812889
2164,9.115477665
2165,9.378858271
2166,9.135181142
2167,9.335562973
2168,9.282646496
2169,9.321861766
2170,9.226712374
2171,9.331482943
2172,9.235742383
2173,9.154553543
2174,9.274918777
2175,9.260487011
2176,9.19197587
2177,9.321861766
2178,9.236333552
2179,9.307429999
2180,9.154553543
2181,9.149742954
2182,9.270108188
2183,9.245363561
2185,9.235742383
2186,8.879758816
2187,9.101045899
2188,9.217091197
2189,9.173896413
2190,9.183517591
2191,9.173795898
2192,9.311510029
2193,9.283377056
2194,9.24114414
2195,9.225649991
2196,9.183417075
2197,9.258593553
2198,9.226121206
2199,9.259795327
2200,9.321861766
2201,9.120979937
2202,9.249702935
2203,9.210487665
2205,9.292267674
2206,9.231623478
2207,9.378858271
2208,9.279498804
2209,9.221310617
2210,9.144932366
2211,9.326672354
2212,9.139991731
2213,9.207470019
2214,9.173795898
2215,9.130500599
2216,9.000614703
2217,9.206878851
2218,9.245824683
2219,9.0577506
2220,9.216028813
2221,9.226712374
2222,9.178606487
2223,9.374047682
2224,9.212381123
2225,9.144341197
2226,9.378858271
2227,9.274688216
2228,9.269416505
2229,8.702358201
2230,9.288187644
2231,9.226712374
2232,9.250635272
2233,9.254984738
2234,9.279037682
2235,9.369237094
2236,9.212280608
2238,9.274227093
2239,9.264605916
2240,9.173665852
2241,9.226812889
2242,9.182825907
2243,9.221310617
2244,9.197949357
2245,9.279729366
2246,9.240081757
2247,9.164044675
2248,9.217191712
2249,9.235742383
2250,9.221901785
2251,9.235742383
2252,9.135181142
2253,9.217091197
2254,9.274227093
2255,9.217191712
2256,9.255445861
2257,9.164275236
2258,9.321131206
2259,9.274227093
2260,9.369237094
2261,9.178606487
2262,8.826371125
2263,9.302619411
2264,9.269877627
2265,9.222002301
2266,9.260487011
2267,9.16417472
2268,9.187636496
2269,9.16417472
2270,9.265067038
2271,9.297808822
2272,9.25017415
2273,9.265297599
2274,9.03438934
2275,9.260256449
2276,9.092116404
2277,9.241244656
2278,9.067962946
2279,9.25017415
2280,9.254513523
2281,9.255445861
2282,9.279037682
2283,8.880219939
2284,9.153962375
2285,9.255445861
2286,9.331482943
2287,9.154654058
2288,9.311510029
2289,9.211218225
2290,9.330752384
2291,9.154553543
2292,9.335562973
2293,9.236333552
2294,9.240081757
2295,9.197949357
2296,9.15349116
2297,9.21168944
2298,9.202529384
2299,9.120879422
2300,9.274227093
2301,9.035591114
2302,9.225649991
2303,9.164275236
2304,9.325941795
2305,9.26894529
2306,9.279729366
2307,9.292267674
2308,9.064454647
2309,9.21168944
2310,9.217091197
2311,9.369237094
2313,9.274227093
2314,9.274688216
2315,9.212381123
2316,9.331482943
2317,9.20265943
2318,9.226582328
2319,9.226121206
2320,9.283377056
2321,9.039099413
2322,9.292998233
2323,9.197718796
2324,9.326672354
2325,9.178606487
2326,9.369237094
2327,9.207470019
2328,9.321861766
2329,9.125790526
2330,9.302619411
2331,9.188227664
2332,9.321131206
2333,9.260487011
2334,9.270108188
2335,9.236333552
2336,9.135411703
2337,9.255445861
2338,9.260256449
2339,9.349994739
2340,9.159234086
2341,9.221901785
2342,9.340373561
2343,9.246055244
2344,9.254513523
2345,9.250865833
2346,9.354805327
2347,9.236434067
2348,9.249702935
2349,9.125690011
2350,9.207339973
2351,9.193038253
2352,9.255676422
2353,9.24114414
2354,9.236333552
2355,8.951917647
2356,9.311510029
2357,9.202068262
2358,9.231522963
2359,9.202759946
2360,9.24114414
2361,9.260487011
2362,9.269416505
2363,9.274227093
2364,9.216500028
2365,9.265297599
2366,9.226812889
2367,9.374047682
2368,9.193038253
2369,9.217191712
2370,9.168394141
2371,9.063152357
2372,9.1527606
2373,8.801587622
2374,9.231522963
2375,9.312240588
2376,9.154553543
2377,9.325941795
2378,9.273025319
2379,9.14480232
2380,9.255676422
2381,9.307429999
2382,9.359615916
2383,9.130601114
2384,9.274227093
2385,9.321131206
2386,9.221771739
2387,9.212280608
2388,9.264605916
2389,9.359615916
2390,9.222002301
2391,9.259795327
2392,9.378858271
2393,9.265297599
2394,9.048590545
2395,9.231392917
2396,9.217191712
2397,9.226121206
2398,9.259324112
2399,9.20265943
2400,9.101737582
2401,8.726281099
2402,9.241014094
2403,9.273755878
2404,9.245824683
2405,9.235271168
2406,9.274688216
2407,9.259795327
2408,9.230931795
2409,9.265067038
2410,9.231623478
2412,9.236333552
2413,9.274918777
2414,9.212381123
2415,9.182825907
2416,9.282646496
2417,9.226582328
2418,9.316320618
2419,9.279729366
2420,9.263404141
2421,9.359615916
2422,9.274688216
2423,9.26894529
2424,9.159364132
2425,9.311510029
2426,9.265067038
2427,9.274918777
2428,9.20265943
2429,9.240552972
2430,9.326672354
2431,9.264605916
2432,9.340373561
2433,9.149742954
2434,9.270108188
2435,9.274918777
2436,9.154553543
2437,9.241014094
2438,9.140121777
2439,9.15349116
2440,9.326672354
2441,9.154553543
2442,9.245363561
2443,9.236434067
2444,9.236434067
2445,9.279498804
2446,9.335562973
2447,8.856397556
2448,9.260256449
2449,9.364426505
2450,9.349994739
2451,9.260256449
2452,9.301888851
2453,9.25017415
2454,9.245824683
2455,9.16547701
2456,9.260487011
2457,9.222002301
2458,9.236333552
2459,9.326672354
2460,9.331482943
2461,9.30669944
2462,9.292998233
2463,9.26821473
2464,9.187636496
2465,9.374047682
2466,9.254984738
2467,9.331482943
2468,9.364426505
2469,9.072773534
2470,9.244892346
2471,9.258593553
2472,9.236434067
2473,9.183517591
2474,9.254984738
2475,9.317051177
2476,9.235271168
2477,9.024076479
2478,9.364426505
2479,9.321131206
2480,9.264605916
2481,9.241244656
2482,9.206878851
2483,9.24114414
2484,9.183287029
2485,9.188097618
2486,9.265067038
2487,9.188227664
2488,9.160666421
2489,9.26821473
2490,9.249702935
2491,9.326672354
2492,9.374047682
2493,9.254984738
2495,9.24114414
2496,9.265067038
2497,9.236333552
2498,9.202759946
2499,9.359615916
2500,9.278566467
2501,9.124627627
2502,9.321861766
2503,9.246055244
2504,9.279729366
2505,9.269416505
2507,9.254513523
2508,9.265067038
2509,9.311510029
2510,9.244892346
2511,9.236203506
2512,9.221771739
2513,9.207570534
2514,9.274688216
2515,9.226582328
2516,9.245363561
2517,9.292998233
2518,9.053531179
2519,8.97305346
2520,9.255445861
2521,9.321861766
2522,9.369237094
2523,9.226582328
2524,9.125790526
2525,9.269877627
2526,9.378858271
2527,9.241244656
2528,9.265067038
2529,9.188097618
2530,9.259324112
2531,9.241014094
2532,9.302619411
2533,9.359615916
2534,9.111258244
2535,9.331482943
2536,9.260256449
2537,9.331482943
2538,9.254984738
2539,9.258593553
2540,9.226712374
2541,9.216500028
2542,9.231522963
2543,9.187636496
2544,9.111128198
2545,9.117371123
2546,9.193038253
2547,9.207470019
2548,9.130370553
2549,9.292998233
2550,8.831181714
2551,9.212280608
2552,9.259795327
2553,9.193038253
2554,9.231522963
2555,9.240552972
2556,9.173795898
2557,8.990993526
2558,9.321131206
2559,9.221901785
2560,9.230931795
2561,9.240552972
2562,9.292267674
2563,9.255676422
2564,8.947698227
2565,9.192908207
2566,9.26894529
2567,9.096826478
2568,9.202068262
2569,9.105856487
2570,9.221901785
2571,9.326672354
2572,9.264605916
2573,9.254984738
2574,9.135311188
2575,9.369237094
2576,9.231392917
2577,9.288187644
2578,9.245363561
2579,9.16547701
2580,9.091424721
2581,9.192908207
2582,9.068063461
2583,9.200866488
2584,9.236203506
2585,9.254984738
2586,9.134248805
2587,9.269416505
2588,9.197949357
2589,9.273755878
2590,9.331482943
2591,9.369237094
2592,9.273755878
2593,9.255445861
2594,9.321131206
2595,9.231522963
2596,9.274227093
2597,9.255676422
2598,9.250865833
2599,9.374047682
2600,9.182825907
2601,9.312240588
2602,9.335562973
2603,9.230931795
2604,9.154553543
2605,9.274227093
2606,9.135311188
2607,9.270108188
2608,9.149151786
2609,9.178476441
2610,9.140121777
2611,9.206878851
2612,9.226121206
2613,9.105856487
2614,9.240552972
2615,9.364426505
2616,9.331482943
2617,9.259795327
2618,9.221901785
2620,9.297808822
2621,9.212280608
2622,9.154423497
2623,9.20265943
2624,9.16417472
2625,9.273755878
2626,9.230931795
2627,9.226582328
2628,9.25017415
2629,9.331482943
2630,9.216961151
2631,9.236203506
2632,9.297078263
2633,9.265297599
2634,9.211218225
2635,9.187636496
2636,9.25017415
2637,9.162381778
2638,9.279729366
2639,9.145032881
2640,9.30669944
2641,9.186434721
2642,9.21168944
2643,9.374047682
2644,9.269416505
2645,9.265067038
2646,9.255676422
2647,9.297808822
2648,9.241014094
2649,9.279037682
2651,9.183287029
2652,9.331482943
2653,9.241014094
2654,9.264605916
2655,9.279037682
2656,9.250635272
2657,9.231522963
2658,9.374047682
2659,9.263404141
2660,9.173795898
2661,9.264605916
2662,9.279037682
2663,9.270108188
2664,9.111358759
2665,9.159364132
2666,9.193038253
2667,9.216500028
2668,9.236333552
2669,9.235742383
2670,9.23046058
2671,9.270108188
2672,9.236333552
2673,9.221901785
2674,9.139530608
2675,9.091885843
2677,9.21168944
2678,9.235742383
2679,9.274918777
2680,9.22973002
2681,9.217091197
2682,9.173795898
2683,9.359615916
2684,9.216028813
2685,9.221771739
2686,9.302619411
2687,9.340373561
2688,9.265067038
2689,9.154553543
2690,9.264605916
2691,9.231522963
2692,9.230931795
2693,8.763102912
2694,9.25017415
2695,9.221901785
2696,9.269416505
2697,9.265067038
2698,9.283377056
2699,9.038508245
2700,9.316320618
2701,9.265297599
2702,9.254984738
2703,9.140222292
2704,9.188328179
2705,9.222002301
2706,9.216500028
2707,9.283377056
2708,9.226712374
2709,9.269416505
2710,9.274918777
2711,9.297808822
2712,8.962129993
2713,9.287457085
2714,9.260256449
2715,9.260256449
2716,9.077584123
2717,9.283377056
2718,9.245824683
2719,9.317051177
2720,9.264134701
2721,9.307429999
2722,9.14480232
2723,9.16417472
2724,9.325941795
2725,9.217191712
2726,9.321861766
2727,9.287457085
2728,9.301888851
2729,9.326672354
2730,9.087305816
2731,9.226712374
2732,9.369237094
2733,9.260256449
2734,9.359615916
2735,9.226582328
2736,9.076992955
2737,9.19124531
2738,9.158772963
2739,9.316320618
2740,9.264605916
2741,9.250865833
2743,9.231522963
2744,9.024076479
2745,9.081803544
2746,9.221901785
2747,9.206878851
2748,9.207470019
2749,9.26894529
2750,9.226812889
2751,9.163583552
2752,9.230931795
2753,9.164275236
2754,9.182825907
2755,9.259795327
2756,9.197848842
2757,9.369237094
2758,9.378858271
2759,9.297808822
2760,9.297808822
2761,9.297808822
2762,9.202759946
2763,9.292998233
2764,9.340373561
2765,9.312240588
2766,9.245824683
2767,9.16417472
2768,9.168394141
2769,9.183417075
2770,9.265297599
2771,9.125559965
2772,9.193038253
2773,9.173896413
2774,9.279037682
2775,9.254984738
2776,9.274918777
2777,9.019857058
2778,9.279037682
2779,9.235742383
2780,9.197718796
2781,9.292998233
2782,9.255445861
2783,9.236203506
2784,9.269877627
2785,8.900894629
2786,9.207470019
2787,9.260256449
2788,9.116068833
2789,9.226121206
2790,9.245363561
2791,9.244892346
2793,9.217191712
2794,9.326672354
2795,9.274918777
2796,9.25017415
2797,9.26894529
2798,9.301888851
2799,9.169085824
2801,9.302619411
2802,9.312240588
2803,9.221901785
2804,9.197949357
2805,8.976561759
2806,9.241014094
2807,9.202759946
2808,9.259795327
2809,9.274688216
2810,9.200866488
2811,9.265067038
2813,9.216961151
2815,9.260487011
2816,9.369237094
2817,9.188227664
2818,9.11500645
2819,9.274227093
2820,9.221901785
2821,9.149843469
2822,9.193038253
2823,9.212280608
2824,9.207570534
2825,9.260487011
2826,9.158772963
2827,9.143869982
2828,9.279498804
2829,9.236333552
2830,9.105856487
2831,9.292998233
2832,9.321861766
2833,9.241244656
2834,9.274227093
2835,9.149843469
2836,9.259795327
2837,9.317051177
2838,9.241244656
2840,9.173665852
2841,9.274688216
2842,9.192908207
2843,9.264605916
2844,9.188227664
2845,9.212150562
2846,9.378858271
2847,9.259795327
2848,9.274918777
2849,9.183287029
2850,9.369237094
2851,9.173795898
2852,9.340373561
2853,9.226121206
2854,9.177544103
2855,9.24114414
2856,9.374047682
2857,9.216028813
2858,9.193138768
2859,9.250635272
2860,9.183417075
2862,9.221771739
2863,9.053531179
2864,9.292998233
2865,9.224919431
2866,9.231522963
2867,9.269877627
2868,9.321861766
2869,9.231522963
2870,9.139991731
2871,9.250865833
2872,9.202759946
2873,9.331482943
2874,9.249702935
2875,9.369237094
2876,9.207339973
2877,9.30669944
2878,9.250635272
2879,9.236203506
2880,9.235742383
2881,9.292998233
2882,9.048821106
2883,9.240552972
2884,9.167922926
2885,9.221310617
2886,9.236203506
2887,9.265297599
2889,9.197848842
2890,9.378858271
2891,9.236333552
2892,9.217091197
2893,9.255445861
2894,8.846776378
2895,9.178606487
2896,9.16417472
2897,9.193038253
2901,9.196786458
2902,9.111258244
2903,9.274227093
2904,9.250865833
2905,9.212280608
2906,9.269416505
2907,9.21168944
2908,9.265067038
2909,9.173795898
2910,9.235742383
2911,9.081332328
2912,9.236333552
2913,9.101507021
2914,9.269877627
2915,9.239351198
2916,9.245363561
2917,9.264605916
2918,9.274227093
2919,9.274688216
2920,9.250635272
2921,9.236333552
2922,9.369237094
2923,9.202068262
2924,9.212381123
2925,9.20265943
2926,9.349994739
2927,9.270108188
2928,9.231623478
2929,9.231522963
2930,9.212280608
2931,9.207570534
2932,9.244161786
2933,8.831652929
2934,9.241014094
2935,9.201597047
2936,9.217091197
2937,9.279498804
2938,9.23046058
2939,9.225649991
2940,9.193038253
2941,9.236203506
2942,9.24114414
2943,9.274918777
2944,9.125098842
2946,9.245824683
2947,9.187636496
2948,9.264134701
2949,9.264605916
2950,9.259795327
2951,9.312240588
2952,9.260256449
2953,9.321861766
2954,9.168985309
2955,9.096696432
2956,9.231522963
2957,9.173896413
2958,9.378858271
2959,9.178015318
2960,9.254513523
2961,9.25017415
2962,9.241244656
2963,9.167922926
2964,9.254984738
2965,9.236333552
2966,9.183417075
2967,9.129909431
2968,8.9225829
2969,9.206878851
2970,9.212381123
2971,9.26894529
2972,9.072874049
2973,9.274918777
2975,9.22973002
2976,9.221310617
2977,9.255676422
2978,9.149742954
2979,9.187636496
2980,9.217191712
2981,9.211218225
2982,9.164275236
2983,9.092015889
2984,9.202068262
2985,9.151045244
2986,9.245363561
2987,9.246055244
2988,9.193038253
2989,9.183287029
2990,9.231392917
2991,9.288187644
2992,9.250865833
2993,9.169085824
2994,9.230931795
2995,9.145032881
2996,9.250635272
2997,9.096696432
2998,9.216028813
2999,9.212150562
3000,9.231522963
3001,9.311510029
3002,9.221901785
3003,9.241014094
3004,9.167922926
3005,9.274227093
3006,9.265297599
3007,9.241244656
3008,9.125559965
3009,9.364426505
3010,9.052940011
3011,9.265297599
3012,9.260487011
3013,9.302619411
3014,9.278566467
3015,9.197718796
3016,9.236333552
3017,9.274227093
3018,9.325941795
3019,9.297808822
3020,9.159364132
3021,9.321861766
3022,9.217091197
3023,9.259795327
3024,9.364426505
3025,9.260487011
3026,9.297808822
3027,9.058442283
3028,9.279498804
3029,9.254513523
3030,9.270108188
3031,9.21168944
3032,9.301888851
3033,9.349994739
3034,9.288187644
3035,9.283377056
3036,9.269877627
3037,9.153962375
3038,9.183287029
3039,9.173795898
3040,9.117371123
3041,9.248972375
3042,9.335562973
3043,9.349994739
3044,9.274688216
3045,9.259795327
3046,9.135411703
3047,9.154553543
3048,9.364426505
3049,8.850424069
3050,9.26894529
3051,9.168394141
3052,9.292998233
3053,9.326672354
3054,9.212381123
3055,9.374047682
3056,9.246055244
3057,9.287457085
3058,9.26821473
3059,9.278566467
3060,9.22973002
3061,9.274688216
3062,9.269877627
3063,9.260256449
3064,9.307429999
3066,9.279037682
3067,9.202759946
3068,9.173795898
3069,9.279498804
3070,9.274688216
3071,9.183417075
3072,9.193038253
3073,9.259795327
3074,9.259795327
3075,9.269877627
3076,9.078886413
3077,9.274688216
3078,9.221901785
3079,9.316320618
3080,9.169085824
3081,9.321131206
3082,8.89959234
3083,9.25017415
3084,9.193138768
3085,9.321131206
3086,9.264605916
3087,9.202759946
3089,9.178015318
3090,9.264605916
3091,9.167192366
3092,9.082394712
3093,8.971751171
3094,9.274918777
3095,9.182825907
3096,9.312240588
3097,9.269877627
3098,9.270108188
3099,9.288187644
3100,9.250635272
3101,9.250635272
3102,9.301888851
3103,9.170287599
3104,9.188097618
3105,9.259795327
3106,9.197257673
3107,9.236203506
3108,9.149151786
3109,9.312240588
3111,9.364426505
3112,9.129909431
3113,8.846675863
3114,9.278566467
3115,9.193138768
3116,9.369237094
3117,9.321861766
3118,8.860516461
3119,9.135411703
3120,8.933266461
3121,9.255676422
3122,9.279729366
3123,9.226712374
3124,9.154553543
3125,9.244161786
3126,9.260487011
3127,9.217091197
3128,9.212280608
3129,9.188227664
3130,9.316320618
3131,9.115477665
3133,9.164044675
3134,9.235271168
3135,9.265297599
3136,9.178606487
3137,9.125690011
3138,9.197848842
3139,8.769576397
3140,9.053401133
3141,9.326672354
3142,9.17320473
3143,9.24114414
3144,9.321861766
3145,9.265067038
3146,9.254513523
3147,9.364426505
3148,8.748671146
3149,9.21168944
3150,9.288187644
3151,9.216961151
3152,8.894781751
3153,9.270108188
3154,9.173665852
3155,9.312240588
3156,9.263404141
3157,9.24114414
3158,9.188227664
3159,9.321861766
3160,9.217091197
3161,9.330752384
3162,9.24114414
3163,9.279729366
3164,9.149843469
3165,9.158772963
3166,9.182825907
3167,9.197949357
3168,9.226812889
3169,9.207339973
3170,9.179908776
3171,9.288187644
3172,9.192447085
3173,9.287457085
3174,9.264605916
3175,9.235742383
3176,9.274227093
3177,9.274227093
3178,9.321861766
3179,9.287457085
3180,9.081803544
3181,9.279729366
3182,9.188328179
3183,9.140121777
3184,9.110195861
3185,9.226712374
3186,9.316320618
3187,9.101737582
3188,9.279498804
3189,8.981472863
3190,9.335562973
3191,9.269416505
3192,9.226712374
3193,9.188227664
3194,9.23046058
3195,9.374047682
3196,9.236434067
3197,9.331482943
3198,9.197848842
3199,9.167922926
3200,9.287457085
3201,9.135411703
3202,9.260487011
3204,8.985120554
3205,9.216961151
3206,9.264605916
3207,9.236333552
3208,9.331482943
3209,9.349994739
3210,9.369237094
3211,9.374047682
3212,9.193038253
3213,9.240081757
3214,9.273025319
3215,9.168985309
3216,9.279037682
3217,9.10631761
3218,9.245363561
3219,9.321861766
3220,9.193038253
3221,9.231522963
3222,9.307429999
3223,9.307429999
3224,9.183287029
3225,9.236203506
3226,9.274688216
3227,9.354805327
3228,9.216028813
3229,9.241244656
3230,9.265297599
3231,9.241014094
3232,9.216961151
3233,9.231392917
3234,9.217091197
3235,9.20265943
3236,9.241244656
3237,9.217191712
3238,8.985591769
3239,9.220839402
3240,9.217091197
3241,9.301888851
3242,9.096826478
3243,8.625388781
3244,9.317051177
3245,9.279037682
3246,9.331482943
3247,9.24114414
3248,9.106447656
3249,9.250865833
3250,9.269416505
3251,9.270108188
3252,9.183417075
3253,9.260256449
3254,8.961999947
3255,9.316320618
3256,9.17320473
3257,9.274227093
3258,9.207339973
3259,9.249702935
3260,9.24114414
3262,9.245824683
3263,9.115477665
3264,9.231623478
3265,9.326672354
3266,9.144341197
3267,9.274227093
3268,9.226812889
3269,9.282646496
3270,9.260487011
3271,9.096926993
3272,9.212280608
3273,9.34518415
3274,9.235742383
3275,9.207470019
3276,9.279729366
3277,9.279037682
3278,9.197718796
3279,9.178606487
3280,9.274688216
3281,9.269877627
3282,9.226812889
3283,9.317051177
3284,9.331482943
3285,9.168985309
3286,9.169085824
3287,9.269416505
3288,9.250635272
3289,9.292998233
3290,9.287457085
3291,9.274227093
3292,9.250635272
3293,9.226712374
3294,9.226712374
3295,9.163583552
3296,9.202759946
3297,9.34518415
3298,9.226812889
3299,9.23046058
3300,9.154654058
3301,9.188328179
3302,9.378858271
3303,9.111258244
3304,9.25017415
3305,9.168394141
3306,9.178707002
3307,9.221901785
3308,9.207339973
3309,9.349994739
3310,9.274918777
3311,9.16417472
3312,9.231522963
3313,9.226712374
3314,9.265067038
3315,8.435982877
3316,9.188328179
3318,9.082264666
3319,9.326672354
3320,9.335562973
3321,9.369237094
3322,9.378858271
3323,9.321131206
3324,9.153962375
3325,9.297808822
3326,9.250865833
3327,8.880349985
3328,9.279729366
3329,9.086142917
3330,9.374047682
3331,9.283377056
3332,9.202529384
3333,9.206878851
3335,9.226812889
3336,9.072643488
3337,9.325941795
3338,9.192447085
3339,9.157571189
3340,9.159364132
3341,9.274227093
3342,9.19124531
3343,9.135411703
3344,9.197718796
3345,9.279037682
3346,9.164044675
3347,9.292998233
3348,9.378858271
3349,9.283377056
3350,9.16417472
3351,9.178015318
3352,9.119817038
3353,9.216500028
3354,9.159234086
3355,9.301888851
3356,9.197718796
3357,9.317051177
3358,9.260487011
3359,9.259324112
3360,9.307429999
3361,8.938077049
3362,9.255676422
3363,9.20265943
3364,9.207339973
3365,9.269877627
3366,9.159234086
3367,9.270108188
3368,9.178606487
3369,9.096696432
3370,9.216028813
3371,9.154553543
3372,9.226582328
3373,9.193038253
3374,9.279498804
3375,9.21168944
3376,9.258593553
3377,9.302619411
3378,9.216500028
3379,9.245824683
3380,9.279037682
3381,9.258593553
3382,9.311510029
3383,9.144932366
3384,9.240081757
3385,9.134248805
3386,9.259324112
3387,9.331482943
3388,9.307429999
3389,9.279037682
3390,9.230931795
3391,9.222002301
3392,9.154553543
3393,9.231522963
3394,9.222002301
3395,9.202529384
3396,9.240552972
3397,9.260487011
3398,9.221771739
3399,9.260256449
3400,9.297808822
3401,9.140222292
3402,9.159364132
3403,9.226712374
3404,9.265067038
3405,8.601335837
3406,8.633217016
3407,9.250865833
3408,9.067962946
3410,9.265067038
3411,9.202529384
3412,9.117371123
3413,9.221310617
3414,9.207470019
3415,9.378858271
3416,9.263404141
3417,9.226712374
3418,9.279729366
3419,9.197949357
3420,9.221901785
3421,9.236434067
3422,9.20265943
3423,9.364426505
3424,9.264605916
3425,9.135411703
3426,9.144341197
3427,9.274227093
3428,9.235742383
3429,9.120749376
3430,9.231522963
3431,9.124627627
3432,9.245363561
3433,9.183287029
3434,9.159364132
3435,9.259795327
3436,9.135311188
3437,9.25017415
3440,9.364426505
3441,9.307429999
3443,9.096926993
3444,9.188227664
3445,9.206407636
3446,9.269416505
3447,9.222002301
3448,9.043910002
3449,9.259795327
3450,9.173896413
3451,9.326672354
3452,8.99086348
3453,9.255676422
3454,9.264605916
3455,9.26821473
3456,9.212280608
3457,9.169085824
3458,9.279498804
3460,9.222002301
3461,9.231392917
3462,9.325941795
3463,9.245363561
3464,9.106447656
3465,9.149612908
3466,9.212280608
3467,9.144341197
3468,9.25017415
3469,9.278566467
3470,9.197848842
3471,9.188227664
3472,8.957319404
3473,9.301888851
3474,9.340373561
3475,9.317051177
3476,9.159364132
3478,9.34518415
3479,9.374047682
3480,9.236434067
3481,9.260256449
3482,9.001916993
3483,9.221901785
3484,9.235742383
3485,9.241014094
3486,9.24114414
3487,9.16417472
3488,9.0678329
3489,9.279498804
3490,9.325941795
3491,9.159364132
3492,9.207470019
3493,9.273755878
3494,9.321131206
3495,9.182825907
3496,9.226812889
3497,9.221771739
3498,9.120879422
3500,9.217091197
3501,8.890071677
3502,9.202068262
3503,9.279037682
3504,9.279498804
3506,9.236434067
3507,9.236333552
3508,9.111128198
3509,9.082394712
3510,9.349994739
3511,9.369237094
3512,9.197848842
3513,9.321131206
3514,9.264605916
3515,9.245363561
3516,9.091424721
3517,9.264605916
3518,9.259324112
3519,9.240552972
3520,9.236434067
3521,9.212280608
3522,9.279037682
3523,9.297808822
3524,9.240081757
3525,8.985120554
3526,9.221310617
3527,9.086614132
3528,9.246055244
3529,9.374047682
3530,9.130601114
3531,9.302619411
3532,9.279729366
3533,9.226121206
3534,9.259795327
3535,9.230931795
3536,9.217191712
3537,9.245824683
3538,9.140222292
3539,9.317051177
3540,9.222002301
3541,9.226582328
3542,9.260256449
3543,9.326672354
3544,9.154654058
3545,9.159234086
3546,9.269416505
3547,9.222002301
3548,9.202759946
3549,9.374047682
3551,9.270108188
3552,9.34518415
3553,9.321861766
3554,9.217191712
3555,9.248972375
3556,9.24114414
3557,9.273025319
3559,9.302619411
3560,9.260256449
3561,9.144932366
3562,9.245824683
3563,9.307429999
3564,9.255676422
3565,9.335562973
3566,9.297808822
3567,9.151045244
3568,9.364426505
3569,9.25017415
3570,9.222002301
3571,9.326672354
3572,9.101637067
3573,9.287457085
3574,9.292267674
3575,9.111358759
3576,9.239351198
3577,9.279498804
3578,9.110667076
3579,9.330752384
3580,9.226582328
3581,9.168855263
3582,9.178476441
3583,9.326672354
3584,9.279037682
3585,9.217091197
3586,9.359615916
3587,9.246055244
3588,9.269416505
3589,9.212150562
3590,9.260487011
3591,9.217091197
3592,9.212280608
3593,9.24114414
3594,9.255676422
3595,9.354805327
3596,8.942887638
3597,9.240081757
3598,9.254984738
3599,9.326672354
3600,9.120879422
3601,9.321131206
3602,9.019857058
3603,9.207470019
3604,9.288187644
3605,9.206878851
3606,9.216028813
3607,9.270108188
3608,9.241014094
3609,9.212150562
3610,9.212150562
3611,9.297808822
3612,9.145032881
3613,9.158301748
3614,9.226712374
3615,9.02934819
3616,9.010336396
3617,9.321861766
3618,9.105856487
3619,9.192447085
3620,9.212280608
3621,9.265297599
3622,9.255676422
3623,9.230931795
3624,9.188227664
3625,9.245363561
3626,9.067371777
3627,9.24114414
3628,9.221310617
3629,8.78413821
3630,9.221310617
3631,9.325941795
3632,9.279037682
3633,9.26821473
3634,9.335562973
3635,9.270108188
3636,9.258593553
3637,9.288187644
3638,9.183287029
3639,9.17320473
3640,9.197949357
3641,9.312240588
3642,9.34518415
3643,9.193038253
3644,9.260487011
3646,9.175098188
3647,9.274688216
3648,9.168855263
3649,9.283377056
3650,9.302619411
3651,9.139991731
3652,9.193138768
3653,8.78413821
3654,9.217091197
3655,9.374047682
3656,9.307429999
3657,9.236203506
3658,9.183417075
3659,9.273025319
3660,9.270108188
3661,9.24114414
3662,9.240552972
3663,9.231392917
3664,9.216500028
3665,9.335562973
3666,9.196055899
3667,9.197257673
3668,9.236333552
3669,9.270108188
3670,9.317051177
3671,9.197257673
3672,9.254984738
3673,9.217191712
3674,9.317051177
3675,9.201597047
3676,9.236333552
3677,9.197257673
3678,9.302619411
3679,9.279729366
3680,9.254984738
3681,9.25017415
3682,9.178606487
3683,9.216961151
3684,9.182825907
3685,9.331482943
3686,9.246055244
3687,9.192447085
3688,9.212381123
3689,9.231522963
3690,9.173795898
3691,9.192908207
3692,8.981242302
3693,9.231522963
3694,9.25017415
3695,9.231623478
3696,9.188097618
3697,9.230931795
3698,9.279037682
3699,8.677714089
3700,9.120749376
3701,9.260487011
3702,9.359615916
3703,9.292998233
3704,8.654252314
3705,9.321131206
3706,9.302619411
3707,9.20265943
3708,9.317051177
3710,9.349994739
3711,9.265297599
3712,9.259324112
3713,9.207470019
3714,9.212280608
3715,9.181624133
3716,9.265297599
3717,9.354805327
3718,9.231522963
3719,9.317051177
3720,9.154553543
3721,9.091885843
3722,9.226812889
3723,9.301888851
3724,9.072182366
3725,9.292998233
3726,9.340373561
3727,9.270108188
3728,9.240081757
3729,9.212280608
3730,9.111258244
3731,9.312240588
3732,9.254513523
3733,9.129909431
3734,9.177544103
3735,9.24114414
3736,9.236333552
3737,9.222002301
3738,9.188328179
3739,9.186434721
3740,9.312240588
3741,9.250865833
3742,9.21168944
3743,9.187636496
3744,9.077684638
3745,9.015046469
3746,9.260487011
3747,9.168855263
3748,9.202068262
3749,9.120979937
3750,9.111358759
3751,9.274227093
3752,9.264134701
3753,9.220839402
3754,9.236434067
3755,9.212150562
3756,9.374047682
3757,9.178606487
3758,9.250865833
3759,9.093318179
3760,9.188227664
3761,9.226712374
3762,9.16417472
3763,9.325941795
3764,9.221901785
3765,9.231522963
3766,9.258593553
3767,9.260487011
3768,9.258593553
3769,9.25017415
3770,9.265067038
3771,9.250635272
3772,9.254984738
3773,9.178476441
3774,9.135411703
3775,9.125690011
3776,9.111128198
3777,9.173665852
3778,9.207570534
3779,9.274688216
3780,9.273025319
3781,9.241244656
3782,9.244161786
3783,9.197949357
3784,9.139059393
3785,9.369237094
3786,9.202068262
3787,9.183517591
3788,9.236333552
3789,9.183517591
3790,9.283377056
3791,9.359615916
3792,9.159234086
3793,9.187636496
3794,9.168985309
3795,9.270108188
3796,9.312240588
3797,9.24114414
3798,9.378858271
3799,9.263404141
3800,9.279037682
3801,9.26821473
3802,9.106548171
3803,9.292998233
3804,9.221901785
3805,9.098128768
3806,9.178015318
3807,9.187636496
3808,8.677714089
3809,9.235742383
3810,9.193138768
3811,9.125559965
3812,9.24114414
3813,9.317051177
3815,9.274227093
3816,9.216961151
3817,9.236434067
3818,9.26821473
3819,9.292998233
3820,9.154553543
3821,9.212150562
3822,9.241244656
3823,9.125559965
3824,9.269416505
3825,9.221771739
3826,9.188097618
3827,9.212381123
3828,9.24114414
3829,9.240552972
3830,9.225649991
3831,9.312240588
3832,9.354805327
3833,9.301888851
3835,9.25017415
3836,9.196786458
3837,9.30669944
3838,9.193038253
3839,9.244892346
3840,9.317051177
3841,9.269877627
3842,9.197848842
3843,9.259795327
3844,9.269416505
3845,9.236333552
3846,9.231392917
3847,9.331482943
3848,9.283377056
3849,9.230931795
3850,9.240552972
3851,9.226121206
3852,9.212381123
3853,9.197257673
3854,9.349994739
3855,9.236203506
3856,8.971621125
3857,9.231392917
3858,9.235742383
3859,9.063252872
3860,9.236333552
3861,9.269416505
3862,9.158772963
3863,9.254984738
3864,9.236203506
3865,9.231623478
3866,9.248972375
3867,9.120288254
3868,9.279498804
3869,9.054833469
3870,9.230931795
3871,9.178606487
3872,9.163583552
3873,9.25017415
3874,9.269416505
3875,9.302619411
3876,9.270108188
3877,9.231623478
3878,9.192447085
3879,9.207339973
3880,9.274688216
3881,9.250865833
3882,9.274688216
3883,9.369237094
3884,9.274918777
3886,9.269877627
3887,9.159364132
3888,9.178707002
3889,9.207470019
3890,9.139530608
3891,9.264605916
3892,9.317051177
3893,9.250635272
3894,9.274918777
3895,9.297808822
3896,9.197848842
3897,8.980309965
3898,9.240081757
3899,9.325941795
3900,9.369237094
3901,9.326672354
3902,9.279729366
3903,9.255445861
3904,9.274227093
3905,9.321131206
3906,9.245363561
3907,9.107749945
3908,9.202068262
3909,9.311510029
3910,9.029478236
3911,9.25017415
3912,9.221771739
3913,9.197949357
3914,9.16417472
3915,9.230931795
3916,9.245363561
3917,9.221901785
3918,9.043779956
3919,9.378858271
3920,9.349994739
3921,9.168985309
3922,9.254513523
3923,9.215298254
3924,9.154423497
3925,9.278566467
3927,9.106548171
3928,9.072773534
3929,9.140222292
3930,9.221310617
3931,9.26821473
3932,9.236203506
3933,9.202759946
3934,9.226712374
3935,9.265067038
3936,9.072182366
3937,9.264605916
3938,9.279729366
3939,9.269416505
3940,9.226582328
3941,9.231522963
3942,9.260256449
3943,9.207470019
3944,9.265067038
3945,9.321861766
3946,9.226121206
3947,9.120879422
3948,9.279498804
3949,9.20265943
3950,8.408912288
3951,9.143139423
3953,9.374047682
3954,9.364426505
3955,9.279729366
3956,9.231522963
3957,9.278566467
3958,9.173795898
3959,9.231522963
3960,9.265067038
3961,9.274918777
3962,9.197257673
3963,9.202068262
3964,9.288187644
3965,9.265067038
3966,9.265067038
3967,9.231623478
3968,9.111358759
3969,9.359615916
3970,9.14480232
3971,9.255676422
3972,9.039099413
3973,9.226712374
3974,9.206878851
3975,9.283377056
3976,9.105385272
3977,9.236434067
3978,9.138328834
3979,9.26894529
3980,9.216500028
3981,9.288187644
3982,9.139530608
3983,9.231522963
3984,9.279729366
3985,9.11500645
3986,9.17320473
3987,9.157571189
3988,9.241014094
3989,9.287457085
3990,9.254984738
3991,9.087205301
3992,9.188227664
3993,9.349994739
3994,9.297078263
3995,9.335562973
3996,9.206878851
3997,9.250865833
3998,9.226121206
3999,9.188227664
4000,9.279037682
4001,9.140222292
4002,9.236333552
4003,9.096926993
4004,9.173795898
4005,9.331482943
4006,8.619987024
4007,9.241244656
4008,9.269877627
4009,9.154654058
4010,9.230931795
4011,9.369237094
4012,9.221901785
4013,9.212280608
4014,9.249702935
4015,9.326672354
4016,9.157571189
4017,8.673364623
4018,9.159464647
4019,9.364426505
4020,9.264605916
4021,9.159464647
4022,9.149612908
4023,9.120288254
4024,9.255676422
4025,9.24114414
4026,9.283377056
4027,9.217091197
4028,9.193038253
4029,9.264605916
4030,9.359615916
4031,9.193138768
4032,9.25017415
4033,9.196786458
4034,9.292998233
4035,9.096696432
4036,9.321131206
4037,9.374047682
4038,9.234540609
4039,9.321861766
4040,9.221310617
4041,9.226121206
4042,9.226121206
4043,9.221901785
4044,8.941825255
4045,9.274918777
4046,9.279498804
4047,9.292998233
4048,8.971751171
4049,9.260256449
4050,9.225649991
4051,9.192447085
4052,8.697648127
4053,9.282646496
4054,9.264605916
4055,9.236434067
4056,9.279037682
4057,9.216500028
4058,9.260256449
4059,9.274688216
4060,9.230931795
4061,9.253782964
4062,9.221901785
4063,9.221310617
4064,9.206407636
4065,9.086614132
4066,9.312240588
4067,9.279037682
4068,8.986283452
4069,9.217191712
4070,9.226812889
4071,9.178476441
4072,9.297808822
4073,9.297078263
4074,9.260487011
4075,9.202529384
4076,9.274688216
4077,9.302619411
4078,9.226582328
4079,9.269416505
4080,9.240552972
4081,9.25017415
4082,9.269416505
4083,9.226812889
4084,9.119086479
4085,9.221310617
4086,9.265067038
4087,9.283377056
4088,9.330752384
4089,9.063152357
4090,9.279729366
4091,9.312240588
4092,9.241244656
4093,9.374047682
4094,9.374047682
4095,9.270108188
4096,9.248972375
4097,9.140121777
4098,9.236203506
4099,9.197848842
4100,9.202068262
4101,8.962129993
4102,9.317051177
4103,9.241014094
4104,9.279729366
4106,9.30669944
4107,9.250635272
4108,9.125098842
4109,9.206878851
4110,9.312240588
4111,9.226812889
4112,9.264134701
4113,9.250865833
4115,8.772724089
4116,9.297078263
4117,9.378858271
4118,9.265297599
4119,9.245824683
4120,9.241244656
4121,9.153962375
4122,9.222002301
4123,9.340373561
4124,9.058341768
4125,9.245363561
4126,9.22973002
4127,9.278566467
4128,9.264134701
4129,9.221901785
4130,9.246055244
4131,9.235271168
4132,9.241244656
4133,9.258593553
4134,9.173665852
4135,9.264605916
4136,9.119817038
4137,9.25017415
4139,9.292998233
4140,9.164044675
4141,9.21168944
4142,9.270108188
4143,9.246055244
4144,9.197848842
4145,8.841274106
4146,9.354805327
4147,9.24114414
4148,9.034288824
4149,9.265067038
4150,9.181624133
4151,9.183517591
4152,9.110667076
4153,9.193138768
4154,9.24114414
4155,9.168985309
4156,9.269416505
4157,9.16417472
4158,8.879287601
4159,9.082394712
4160,9.231522963
4161,9.192447085
4163,9.164275236
4164,9.110667076
4165,9.30669944
4166,9.292998233
4167,9.317051177
4168,9.212150562
4170,9.255445861
4171,9.105856487
4172,9.173795898
4173,9.259795327
4174,9.207570534
4175,9.259795327
4176,9.244892346
4178,9.231522963
4179,9.221901785
4180,9.240552972
4181,9.231392917
4182,9.317051177
4183,9.197718796
4184,9.269877627
4185,9.269416505
4186,9.236203506
4187,9.274918777
4188,9.259324112
4189,9.26894529
4190,9.246055244
4191,9.317051177
4192,9.374047682
4193,9.364426505
4194,9.254984738
4195,9.274918777
4196,9.278566467
4197,9.349994739
4198,9.188227664
4199,9.245363561
4200,9.378858271
4201,9.321861766
4202,9.053531179
4203,9.159464647
4204,9.24114414
4205,9.326672354
4206,9.03438934
4207,9.311510029
4208,9.226712374
4209,9.307429999
4210,9.250635272
4211,9.292267674
4212,9.254984738
4213,9.202068262
4214,9.241014094
4215,8.971621125
4216,9.139991731
4217,9.241014094
4218,9.378858271
4219,9.140222292
4220,9.197848842
4221,8.932204077
4222,9.279498804
4223,9.25017415
4224,9.202759946
4225,9.269877627
4226,9.265067038
4227,9.217091197
4228,9.265297599
4229,9.236434067
4230,9.231522963
4232,9.207470019
4233,8.97305346
4234,9.140121777
4235,9.087205301
4236,9.253782964
4238,9.206878851
4239,9.321861766
4240,9.283377056
4241,9.173795898
4242,9.02934819
4243,9.192447085
4244,9.139991731
4245,9.226812889
4246,9.19124531
4247,9.274688216
4248,9.023605264
4249,9.260487011
4251,9.260256449
4252,9.128707656
4253,9.26894529
4254,9.24114414
4255,9.168394141
4256,9.210487665
4257,9.178707002
4258,9.236333552
4259,9.116169348
4260,9.325941795
4261,9.26821473
4262,9.307429999
4263,9.307429999
4264,9.226712374
4265,9.26894529
4267,9.226121206
4268,9.321131206
4269,9.236333552
4270,9.1269923
4271,9.235271168
4272,9.249702935
4273,9.236333552
4274,8.692837539
4275,9.26894529
4276,9.182825907
4277,9.236333552
4278,9.183417075
4279,9.222002301
4280,9.269416505
4281,9.374047682
4282,9.282646496
4283,9.279498804
4284,9.317051177
4285,8.455955792
4286,9.316320618
4287,9.235742383
4289,9.378858271
4290,9.125559965
4291,9.173795898
4292,9.149843469
4293,9.197718796
4294,9.207339973
4295,9.302619411
4296,9.241244656
4297,9.210487665
4298,9.072643488
4299,9.245363561
4300,9.326672354
4301,9.265067038
4302,9.206407636
4303,9.254513523
4304,9.221310617
4305,9.181624133
4306,9.16417472
4307,9.265067038
4308,9.244892346
4309,9.144932366
4310,8.851486452
4311,9.279037682
4312,9.288187644
4313,9.278566467
4314,9.254513523
4315,9.115477665
4316,9.17320473
4317,9.111258244
4318,9.125790526
4319,9.197257673
4320,9.163583552
4321,9.292998233
4322,9.178015318
4323,9.259795327
4324,9.374047682
4325,9.178015318
4326,9.260487011
4327,9.202529384
4328,9.279729366
4329,9.331482943
4330,9.269416505
4331,9.259795327
4332,9.173795898
4333,9.274227093
4334,9.207470019
4335,9.005425292
4336,9.010336396
4337,9.226582328
4338,9.265067038
4339,9.154654058
4340,9.226121206
4341,9.246055244
4342,9.24114414
4343,9.265297599
4344,9.245363561
4345,9.231392917
4346,9.111258244
4347,9.340373561
4348,9.140121777
4349,9.173795898
4350,9.197257673
4351,9.25017415
4352,9.144932366
4353,9.297808822
4354,9.130500599
4355,9.21168944
4356,9.235742383
4357,8.731091687
4358,9.134248805
4359,9.249702935
4360,9.129909431
4361,9.274918777
4362,9.245824683
4363,9.245363561
4364,9.317051177
4365,9.193038253
4366,9.258593553
4367,9.168985309
4368,9.269416505
4369,9.183417075
4370,9.264605916
4371,9.10631761
4372,9.278566467
4373,9.081803544
4374,9.192908207
4375,9.255445861
4376,9.265297599
4377,9.221901785
4378,9.254984738
4379,9.217091197
4380,9.312240588
4381,9.135311188
4382,9.082394712
4383,9.274918777
4384,9.216500028
4385,9.231522963
4386,9.331482943
4387,9.246055244
4388,9.249702935
4390,8.970688787
4391,9.288187644
4392,9.279498804
4393,9.207470019
4394,9.279037682
4395,9.110667076
4396,9.24114414
4397,9.205677076
4398,9.269416505
4399,9.250635272
4400,9.359615916
4401,9.378858271
4402,9.231392917
4403,9.207570534
4404,9.206878851
4405,9.226812889
4406,9.183287029
4407,9.221771739
4408,9.274227093
4409,9.301888851
4410,9.240552972
4411,9.374047682
4412,9.076992955
4413,9.25017415
4414,9.217091197
4415,9.277835908
4416,9.254984738
4417,9.259795327
4418,8.976561759
4419,9.274688216
4420,9.321861766
4421,9.245363561
4422,9.245363561
4423,9.359615916
4424,9.260487011
4425,9.217191712
4426,9.226812889
4427,9.236333552
4428,9.264134701
4429,9.159234086
4430,9.317051177
4431,9.297078263
4432,9.192908207
4433,9.241244656
4434,9.177544103
4435,9.157571189
4436,9.154654058
4437,9.173795898
4438,9.282646496
4439,9.25017415
4440,9.236203506
4441,9.265067038
4442,9.207570534
4443,9.335562973
4444,9.087305816
4445,9.245824683
4446,9.221771739
4447,9.270108188
4449,9.183417075
4450,9.264134701
4451,9.20265943
4452,9.269416505
4453,9.24114414
4454,9.244892346
4455,9.321861766
4456,9.359615916
4457,9.236203506
4458,9.279498804
4459,9.340373561
4460,9.260487011
4461,9.254513523
4462,9.193038253
4463,9.144932366
4464,9.164275236
4465,9.178476441
4466,9.325941795
4467,9.236333552
4468,9.311510029
4469,9.212150562
4470,9.221901785
4471,9.274227093
4472,9.316320618
4473,9.20265943
4474,9.226812889
4475,9.216500028
4476,9.241014094
4477,9.212381123
4478,9.202529384
4479,9.193138768
4480,9.297808822
4481,9.374047682
4482,9.269416505
4483,9.317051177
4484,9.26894529
4485,9.221901785
4486,9.101637067
4487,9.270108188
4488,9.311510029
4489,9.129909431
4490,9.274688216
4491,9.173795898
4492,9.279498804
4493,9.222002301
4494,9.246055244
4495,9.279037682
4496,8.813102257
4497,9.246055244
4498,9.378858271
4499,9.207570534
4500,9.241014094
4501,9.193038253
4502,9.258593553
4503,9.21168944
4504,9.048720591
4505,9.287457085
4506,9.269877627
4507,9.241244656
4508,9.340373561
4509,9.197949357
4510,9.274688216
4511,9.202068262
4512,9.197848842
4513,9.192908207
4514,9.321131206
4515,9.220108843
4516,9.24114414
4517,9.083697002
4518,9.265297599
4519,9.187165281
4520,9.19197587
4521,9.369237094
4522,9.09623531
4523,9.197848842
4524,9.245363561
4525,9.270108188
4526,9.201597047
4527,8.072171075
4528,9.226582328
4529,9.274227093
4530,9.307429999
4531,9.182825907
4532,9.10631761
4533,9.226812889
4534,9.354805327
4535,9.254984738
4536,9.250865833
4537,9.212381123
4538,9.168985309
4539,9.188227664
4540,9.364426505
4542,9.193138768
4543,9.188328179
4544,9.279498804
4545,9.111258244
4546,9.029478236
4547,9.202529384
4548,9.250865833
4549,8.735441154
4550,9.359615916
4551,9.240081757
4552,9.188227664
4553,9.331482943
4554,9.21168944
4555,9.34518415
4556,9.246055244
4557,9.326672354
4558,9.24114414
4559,9.101737582
4560,9.09623531
4561,9.274918777
4562,9.217091197
4564,9.364426505
4565,9.316320618
4566,9.297808822
4567,9.154654058
4568,9.369237094
4569,9.236203506
4570,9.255676422
4571,9.033226441
4572,9.096696432
4573,9.311510029
4574,9.071711151
4575,9.231392917
4576,9.013253527
4577,9.274688216
4578,9.279729366
4579,9.231522963
4580,9.279729366
4581,9.202068262
4582,9.269877627
4583,8.832244097
4584,9.250635272
4585,9.111128198
4586,9.236333552
4587,9.30669944
4588,9.312240588
4589,9.307429999
4590,9.364426505
4591,9.25017415
4592,9.231623478
4593,9.245824683
4594,9.159234086
4595,9.192447085
4596,9.211218225
4597,9.20265943
4598,9.21168944
4599,9.369237094
4600,9.288187644
4601,9.274688216
4602,9.120879422
4603,9.244161786
4604,9.316320618
4605,9.183517591
4606,9.112560534
4607,9.110667076
4608,9.197848842
4609,9.369237094
4610,8.230329336
4611,9.230931795
4612,9.359615916
4613,9.164275236
4614,9.144932366
4615,8.962129993
4616,9.205677076
4617,9.250865833
4618,9.09623531
4619,9.173896413
4620,9.364426505
4621,9.053631695
4622,9.230931795
4623,9.212280608
4624,9.006727582
4625,9.196786458
4626,9.250865833
4627,9.230931795
4628,9.222002301
4629,9.226812889
4630,9.183417075
4631,9.273755878
4632,9.178476441
4633,9.359615916
4634,9.226121206
4635,9.321131206
4636,9.301888851
4637,8.975970591
4638,9.364426505
4639,9.21168944
4640,9.222002301
4641,9.274227093
4642,9.241244656
4643,9.264134701
4645,9.154423497
4646,9.283377056
4647,9.279729366
4648,9.278566467
4649,9.221901785
4650,9.265297599
4651,9.231392917
4652,9.274227093
4653,9.231392917
4654,9.26894529
4655,8.894190583
4656,9.212150562
4657,9.260256449
4658,9.101637067
4659,9.139991731
4660,9.202759946
4661,9.125098842
4662,9.148680571
4663,9.019857058
4664,9.231623478
4665,9.250865833
4666,9.193038253
4667,9.226712374
4668,9.159364132
4669,9.270108188
4670,9.217091197
4671,9.24114414
4672,9.092116404
4673,9.246055244
4674,9.178476441
4675,9.192908207
4676,9.149742954
4677,9.205677076
4678,9.349994739
4679,8.6829858
4680,9.378858271
4681,9.192447085
4682,9.207470019
4683,9.307429999
4685,9.321861766
4686,9.154654058
4687,9.182825907
4688,9.226582328
4689,9.274688216
4690,9.250635272
4691,9.274918777
4692,9.340373561
4693,9.374047682
4694,9.028887067
4695,9.34518415
4696,9.297808822
4697,9.265297599
4698,9.188328179
4699,9.197848842
4700,9.369237094
4701,9.269877627
4702,9.273025319
4703,9.172733515
4704,9.255445861
4705,9.279729366
4706,8.886462863
4707,9.260256449
4708,9.004362909
4709,9.364426505
4710,9.226712374
4711,9.317051177
4712,9.369237094
4714,9.331482943
4715,9.250865833
4716,9.287457085
4717,9.193038253
4718,9.273755878
4719,9.270108188
4720,9.269416505
4721,9.202068262
4722,9.168394141
4723,9.168985309
4724,9.25017415
4725,9.023605264
4726,9.255676422
4727,9.111258244
4728,9.245363561
4729,9.197718796
4730,9.331482943
4731,9.250635272
4732,9.250635272
4733,9.173795898
4734,9.154553543
4735,9.101507021
4737,8.860045246
4738,9.316320618
4739,9.087205301
4740,9.159364132
4741,9.225649991
4742,9.316320618
4743,9.197718796
4744,9.182825907
4745,9.226712374
4746,9.024537601
4748,9.278566467
4749,9.141424066
4750,9.335562973
4751,9.254513523
4752,9.135311188
4753,9.20265943
4754,9.163583552
4755,9.274918777
4756,9.359615916
4757,9.274227093
4758,9.197848842
4760,9.164044675
4761,9.316320618
4762,9.335562973
4763,9.236333552
4764,9.212280608
4765,9.307429999
4766,9.282646496
4767,9.207470019
4768,9.101045899
4769,9.250635272
4770,9.163112337
4772,9.25017415
4773,9.207470019
4774,9.250865833
4775,9.24114414
4776,9.226121206
4777,9.274688216
4778,9.254984738
4779,9.316320618
4780,9.231392917
4781,9.163112337
4782,9.269877627
4783,9.26894529
4785,9.23046058
4786,9.24114414
4787,9.106447656
4788,9.326672354
4789,9.068063461
4790,9.164044675
4791,9.326672354
4792,9.269877627
4793,9.197848842
4794,9.378858271
4795,9.274918777
4796,9.273755878
4797,9.292998233
4798,9.250865833
4799,9.274227093
4800,9.254984738
4801,9.159234086
4802,9.221901785
4803,9.188097618
4804,9.225649991
4805,9.178606487
4806,9.144932366
4807,9.226812889
4808,9.235271168
4809,9.369237094
4810,9.164275236
4811,9.20265943
4812,9.311510029
4813,9.25017415
4814,9.258593553
4815,9.292267674
4816,9.159464647
4817,9.378858271
4818,9.241014094
4819,9.279729366
4820,8.952508816
4821,9.335562973
4822,9.207470019
4823,8.668784595
4824,9.207470019
4825,9.068063461
4826,9.301888851
4827,9.197257673
4828,9.236333552
4829,9.24114414
4830,9.255676422
4831,9.202068262
4832,9.288187644
4833,9.197848842
4834,9.269877627
4835,9.162381778
4836,9.349994739
4837,9.253782964
4838,9.250865833
4839,9.259795327
4840,9.193038253
4841,9.279729366
4842,9.354805327
4843,9.096826478
4844,9.212280608
4845,9.273755878
4846,9.207339973
4847,9.25017415
4848,9.206407636
4849,9.250865833
4850,9.192908207
4851,9.149843469
4852,9.264605916
4853,9.178015318
4854,9.187165281
4855,9.163583552
4856,9.326672354
4857,9.212150562
4858,9.226582328
4859,9.302619411
4860,9.302619411
4861,9.120879422
4862,9.081803544
4863,9.197718796
4864,9.058341768
4865,9.149612908
4866,9.236434067
4867,9.154423497
4869,9.335562973
4870,9.178606487
4871,9.196055899
4872,9.316320618
4873,9.170287599
4874,9.354805327
4875,9.154553543
4876,9.143869982
4877,9.216028813
4878,9.125559965
4879,9.188227664
4880,8.957319404
4881,9.301888851
4882,9.24114414
4883,9.221310617
4884,9.279037682
4885,9.234540609
4886,9.287457085
4887,9.087205301
4888,9.374047682
4889,9.273755878
4890,9.279037682
4891,8.683216361
4892,9.260256449
4893,9.274227093
4894,9.354805327
4895,9.283377056
4896,9.197949357
4897,9.188097618
4898,9.187636496
4899,9.250635272
4900,9.168985309
4901,9.159364132
4902,9.23046058
4903,9.302619411
4904,9.207339973
4905,8.663743445
4906,9.168855263
4907,9.16417472
4908,9.096826478
4909,9.274688216
4910,9.312240588
4911,9.183517591
4912,9.297078263
4913,9.263404141
4914,9.092015889
4915,9.20265943
4916,9.192908207
4917,9.297808822
4918,9.279037682
4919,9.245363561
4920,9.335562973
4921,9.225649991
4922,9.279037682
4923,9.369237094
4924,9.222002301
4926,9.0577506
4927,9.260487011
4928,9.221771739
4929,9.321131206
4930,9.274227093
4931,9.269416505
4932,9.260487011
4933,9.163583552
4934,9.349994739
4935,9.122181711
4936,9.321861766
4937,9.264605916
4938,9.0577506
4939,9.144341197
4940,9.292267674
4941,9.235742383
4942,9.378858271
4943,9.231522963
4944,9.183417075
4945,9.349994739
4946,9.215298254
4947,9.30669944
4948,9.226712374
4949,9.222002301
4950,9.321861766
4951,9.248972375
4952,9.236203506
4953,9.154654058
4954,9.270108188
4955,9.244161786
4956,9.226712374
4957,9.158301748
4958,9.131802889
4959,9.321131206
4960,9.231522963
4961,9.288187644
4962,9.270108188
4963,9.188227664
4964,9.288187644
4965,9.120879422
4966,9.241244656
4967,9.259795327
4968,8.945905284
4969,9.20265943
4970,9.354805327
4971,9.173795898
4972,9.312240588
4973,9.187165281
4974,9.207570534
4975,9.269416505
4976,9.279729366
4977,9.019957573
4978,9.269877627
4979,9.235742383
4980,9.216961151
4981,9.279037682
4982,9.16547701
4983,9.311510029
4984,9.212150562
4986,9.316320618
4987,9.235742383
4988,9.192908207
4989,9.168985309
4990,8.947568181
4991,9.292267674
4992,9.270108188
4993,9.010235881
4994,9.25017415
4995,9.167922926
4996,9.173795898
4997,9.30669944
4998,9.207470019
4999,9.359615916
